id,date,title,severity,issue,sample
"18613","2023-01-31","EPISODE 9 - DO THESE FOUR THINGS","info","no-memory-verse",""
"20862","2023-02-01","Episode 10 - God's Love Language","info","no-banner",""
"20864","2023-02-08","EPISODE 17 - THE COMMANDMENTS OF JESUS (God’s Love Language 8) ","warn","no-title-extracted",""
"20864","2023-02-08","EPISODE 17 - THE COMMANDMENTS OF JESUS (God’s Love Language 8) ","info","no-memory-verse",""
"20864","2023-02-08","EPISODE 17 - THE COMMANDMENTS OF JESUS (God’s Love Language 8) ","warn","tiny-paragraph","The"
"19487","2023-03-06","EPISODE 43 - HOW TO GET A SOUL SAVED 2 (ABUNDANT FRUIT-BEARERS 10)","info","no-banner",""
"19487","2023-03-06","EPISODE 43 - HOW TO GET A SOUL SAVED 2 (ABUNDANT FRUIT-BEARERS 10)","warn","tiny-paragraph","B."
"19501","2023-03-07","EPISODE 44 - HOW TO GET A SOUL SAVED 3 (ABUNDANT FRUIT-BEARERS 11)","info","no-banner",""
"19521","2023-03-08","EPISODE 45 - YOU BEAR FRUITS WITH JESUS (ABUNDANT FRUIT-BEARERS 12)","info","no-banner",""
"19521","2023-03-08","EPISODE 45 - YOU BEAR FRUITS WITH JESUS (ABUNDANT FRUIT-BEARERS 12)","warn","very-long-paragraph","1590 chars: As you live in union with me as your source, fruitfulness will stream …"
"19542","2023-03-09","Episode 46 - YOUR FRUIT SHOULD REMAIN (ABUNDANT FRUIT-BEARERS 12)","info","no-banner",""
"20867","2023-03-10","EPISODE 47 - DISCIPLESHIP, ESSENTIAL IN BEARING FRUITS (ABUNDANT FRUIT-BEARERS 1","info","no-banner",""
"19702","2023-03-11","EPISODE 48 - ABOUND IN THESE THINGS (ABUNDANT FRUIT-BEARERS 14)","info","no-banner",""
"19721","2023-03-12","EPISODE 49 - ABOUND IN THESE THINGS 2 (ABUNDANT FRUIT-BEARERS 15)","info","no-banner",""
"19758","2023-03-13","EPISODE 50-SUPPLY VIRTUE TO YOUR FAITH - ABOUND IN THESE THINGS 3 (ABUNDANT FRUI","info","no-banner",""
"19783","2023-03-14","EPISODE 51 - THE SUPPLY OF KNOWLEDGE - ABOUND IN THESE THINGS 4 (ABUNDANT FRUIT-","info","no-banner",""
"19831","2023-03-15","EPISODE 52 - SELF-CONTROL IS ESSENTIAL - ABOUND IN THESE THINGS 6 (ABUNDANT FRUI","info","no-banner",""
"19867","2023-03-16","EPISODE 53 - PERSEVERE - ABOUND IN THESE THINGS 7 (ABUNDANT FRUIT-BEARERS 19)","info","no-banner",""
"19886","2023-03-17","EPISODE 54 - THE MATTER OF GODLINESS - ABOUND IN THESE THINGS 8 (ABUNDANT FRUIT-","info","no-banner",""
"19906","2023-03-18","EPISODE 55 - PRACTICE BROTHERLY LOVE - ABOUND IN THESE THINGS 8 ( ABUNDANT FRUIT","info","no-banner",""
"19906","2023-03-18","EPISODE 55 - PRACTICE BROTHERLY LOVE - ABOUND IN THESE THINGS 8 ( ABUNDANT FRUIT","warn","no-prayer",""
"19936","2023-03-19"," EPISODE 56 - THE VERTEX - ABOUND IN THESE THINGS 9 (ABUNDANT FRUIT-BEARERS 22)","info","no-banner",""
"19936","2023-03-19"," EPISODE 56 - THE VERTEX - ABOUND IN THESE THINGS 9 (ABUNDANT FRUIT-BEARERS 22)","warn","no-prayer",""
"19964","2023-03-20","EPISODE 57 - THE GLORY CALL RESOUND (ABUNDANT FRUIT-BEARERS 22)","info","no-banner",""
"19978","2023-03-21","EPISODE 58 - ARE YOU A DOER OF THE WORD OR A DECEIVER OF SELF","info","no-banner",""
"20002","2023-03-22","EPISODE 59 - ARE YOU INCREASING IN LOVE","info","no-banner",""
"20010","2023-03-23","EPISODE 60 - CULTIVATE DILIGENCE","info","no-banner",""
"20023","2023-03-24","EPISODE 61 - BE IMMOVABLE","info","no-banner",""
"20041","2023-03-25","EPISODE 62 - COMPLACENCY IS NOT AN OPTION","info","no-banner",""
"20057","2023-03-26","EPISODE 63 - THIS IS WAR 1","info","no-banner",""
"20074","2023-03-27","EPISODE 64 - THIS IS WAR 2","info","no-banner",""
"20074","2023-03-27","EPISODE 64 - THIS IS WAR 2","warn","no-prayer",""
"20099","2023-03-28","EPISODE 65 - THIS IS WAR 3 [GIVE YOURSELF TO TRAINING]","info","no-banner",""
"20099","2023-03-28","EPISODE 65 - THIS IS WAR 3 [GIVE YOURSELF TO TRAINING]","warn","no-prayer",""
"20099","2023-03-28","EPISODE 65 - THIS IS WAR 3 [GIVE YOURSELF TO TRAINING]","warn","very-long-paragraph","1534 chars: As an enlisted soldier in God's army, you have the mandate to dispel t…"
"20121","2023-03-29","EPISODE 66 - BE VALIANT 1 (THIS IS WAR 4)","info","no-banner",""
"20121","2023-03-29","EPISODE 66 - BE VALIANT 1 (THIS IS WAR 4)","warn","no-prayer",""
"20163","2023-03-30","EPISODE 67 - A QUICK CHARGE","info","no-banner",""
"20163","2023-03-30","EPISODE 67 - A QUICK CHARGE","info","no-memory-verse",""
"20177","2023-03-31","EPISODE 68 - TO ADVANCE THE KINGDOM; YOU MUST BE PERSUASIVE","info","no-banner",""
"20189","2023-04-01","EPISODE 69 - EXCITED TO TELL YOU THIS","info","no-banner",""
"20210","2023-04-02","EPISODE 70 - CHRIST YOUR TRUE PASSOVER","info","no-banner",""
"20228","2023-04-03","EPISODE 71 - THE LORD HAS NEED OF IT","info","no-banner",""
"20238","2023-04-04","EPISODE 72 - THE LORD HAS NEED OF IT 2 (Motive of Service)","info","no-banner",""
"20247","2023-04-05","EPISODE 73 - PRAISE JESUS; THE KING AND THE LORD WHO IS GOD 1","info","no-banner",""
"20277","2023-04-06","EPISODE 74 - PRAISE JESUS; THE KING AND THE LORD WHO IS GOD 2","info","no-banner",""
"20345","2023-04-08","EPISODE 76 - CHRIST YOUR TRUE PASSOVER 1","info","no-banner",""
"20375","2023-04-09","EPISODE 77 - FELLOWSHIP OF SONS","info","no-banner",""
"20398","2023-04-10","EPISODE 78 - THERE ARE NO TWO GOSPELS","info","no-banner",""
"20432","2023-04-11","EPISODE 79 - TESTIFY OF THE GOSPEL","info","no-banner",""
"20432","2023-04-11","EPISODE 79 - TESTIFY OF THE GOSPEL","warn","no-prayer",""
"20868","2023-04-12","EPISODE 80 - THE CRUX OF THE GOSPEL","info","no-banner",""
"20467","2023-04-13","EPISODE 81 - THE CRUX OF THE GOSPEL 2","info","no-banner",""
"20484","2023-04-14","EPISODE 82 - THE CRUX OF THE GOSPEL 3","info","no-banner",""
"20484","2023-04-14","EPISODE 82 - THE CRUX OF THE GOSPEL 3","warn","very-long-paragraph","1585 chars: ‘I foresaw the Lord always before my face,For He is at my right hand, …"
"20533","2023-04-16","EPISODE 84 - A WORTHY COURSE","info","no-banner",""
"20611","2023-04-17","EPISODE 85 - THE CRUX OF THE GOSPEL 4","info","no-banner",""
"20869","2023-04-18","EPISODE 86 -THE FATHER’S JOY","info","no-banner",""
"20683","2023-04-19","EPISODE 87 - THE MINGLED LIFE","info","no-banner",""
"20699","2023-04-20","EPISODE 88 - THE GOSPEL BRINGS TRANSFORMATION￼","info","no-banner",""
"20706","2023-04-21","EPISODE 89 - WITNESSES BY THE SPIRIT","info","no-banner",""
"20870","2023-04-22","EPISODE 90 - THE PERFECT PICTURE OF LOVE","info","no-banner",""
"20871","2023-04-23","EPISODE 91 - IS CHRIST CONTESTING FOR YOUR REVERENCE","info","no-banner",""
"20872","2023-04-24","EPISODE 92 - DEAD TO SIN","info","no-banner",""
"20872","2023-04-24","EPISODE 92 - DEAD TO SIN","warn","no-prayer",""
"20826","2023-04-25","EPISODE 93 - ALIVE TO GOD IN CHRIST","info","no-banner",""
"20826","2023-04-25","EPISODE 93 - ALIVE TO GOD IN CHRIST","warn","very-long-paragraph","1544 chars: "" (NKJV) Most people who ask the question, ""Shall we continue in sin t…"
"20873","2023-04-26","EPISODE 94 - THE GIFT OF ETERNAL LIFE","info","no-banner",""
"20874","2023-04-27","EPISODE 95 - NO CONDEMNATION FOR YOU IN CHRIST","info","no-banner",""
"20887","2023-04-28","EPISODE 96 - INSEPARABLE FROM THE LOVE OF GOD IN CHRIST","info","no-banner",""
"20900","2023-04-29","EPISODE 97 - JUSTIFIED BY FAITH","info","no-banner",""
"20913","2023-04-30","EPISODE 98 - CONTINUE IN THE FAITH","info","no-banner",""
"20939","2023-05-01","EPISODE 99 - CONTINUE STEADFASTLY IN PRAYER","info","no-banner",""
"20950","2023-05-02","EPISODE 100 - REJOICE IN THE LORD","info","no-banner",""
"20965","2023-05-03","EPISODE 101 - THE ETHEREAL TRANQUIL","info","no-banner",""
"20983","2023-05-04","EPISODE 102 - THE RULE AND GARRISON OF PEACE","info","no-banner",""
"21009","2023-05-05","EPISODE 103 - BE ENRICHED WITH CHRIST'S WORD","info","no-banner",""
"21009","2023-05-05","EPISODE 103 - BE ENRICHED WITH CHRIST'S WORD","error","href-has-space","n the Faith</a> —Episode 98<a href=""https:</p><ul><li>Episode 99<a href=""https://christcommonwealth.org/commonwealthlive"
"21054","2023-05-06","EPISODE 104 - THE CENTRICITY OF THE SCRIPTURES","info","no-banner",""
"21118","2023-05-07","EPISODE 105 - THE WORD OF GOD","info","no-banner",""
"21140","2023-05-08","EPISODE 106 - GOD'S CREATIVE MATERIAL","info","no-banner",""
"21157","2023-05-09","Episode 107 - THE CONSTITUTION OF WISDOM","info","no-banner",""
"21191","2023-05-10","EPISODE 108- THE CONSTITUTION OF WISDOM 2","info","no-banner",""
"21206","2023-05-11","EPISODE 109 - ESTEEM THE WORD IN YOUR LIFE","info","no-banner",""
"21253","2023-05-12","EPISODE 110 - THE WORD EMITS LIGHT","info","no-banner",""
"21269","2023-05-13","EPISODE 111 - THE ELIXIR FOR YOUR HEALTH 1","info","no-banner",""
"21286","2023-05-14","EPISODE 112 - THE ELIXIR FOR YOUR HEALTH 2","info","no-banner",""
"21327","2023-05-15","EPISODE 113 - HOW TO UTILIZE THE WORD","info","no-banner",""
"21348","2023-05-16","EPISODE 114 - BE A STUDENT OF THE WORD","info","no-banner",""
"21373","2023-05-17","EPISODE 115 - HOMOLOGIA 1","info","no-banner",""
"21373","2023-05-17","EPISODE 115 - HOMOLOGIA 1","warn","very-long-paragraph","1638 chars: "" HOMOLOGIA"" this is a compound word of homoú , which means ""the same,…"
"21401","2023-05-18","EPISODE 116 - HOMOLOGIA 2","info","no-banner",""
"21401","2023-05-18","EPISODE 116 - HOMOLOGIA 2","warn","very-long-paragraph","1515 chars: "" Let the words from the book of the law be always on your lips. Medit…"
"21421","2023-05-19","EPISODE 117 - ESTEEM THE WORD IN YOUR LIFE 2","info","no-banner",""
"21448","2023-05-20","EPISODE 118- THE SWORD IN YOUR MOUTH 1","info","no-banner",""
"21464","2023-05-21","EPISODE 119 - THE SWORD IN YOUR MOUTH 2","info","no-banner",""
"21481","2023-05-22","Episode 120 - THE SURGEON'S SCALPEL -THE WORD OF GOD","info","no-banner",""
"21504","2023-05-23","EPISODE 121- THE WORD OF GOD AS A MIRROR 1","info","no-banner",""
"21521","2023-05-24","EPISODE 122 - THE WORD OF GOD AS A MIRROR 2","info","no-banner",""
"21529","2023-05-25","EPISODE 123 -  THE INOCULATION OF THE WORD","info","no-banner",""
"21544","2023-05-26","EPISODE 124 - THE SCRIPTURES TRAIN YOU","info","no-banner",""
"21592","2023-05-27"," EPISODE 125 - THE WORD ENDURES FOREVER ","info","no-banner",""
"21604","2023-05-28","EPISODE 126 - WHOSE REPORT DO YOU BELIEVE?","info","no-banner",""
"21615","2023-05-29","EPISODE 127 - THE TOME OF YOUR INHERITANCE","info","no-banner",""
"21636","2023-05-30","EPISODE 128 - DO YOU UNDERSTAND IT 1","info","no-banner",""
"21636","2023-05-30","EPISODE 128 - DO YOU UNDERSTAND IT 1","warn","very-long-paragraph","1592 chars: Look at this, 2 Peter 1:20 "" Above all, you must realize that no proph…"
"21650","2023-05-31","EPISODE 129 - DO YOU UNDERSTAND IT? 2","info","no-banner",""
"21662","2023-06-01","EPISODE 130 - BE PART OF GOD'S MOVE, GREAT QUANTITY WITH HIGH QUALITY ","info","no-banner",""
"21678","2023-06-02","EPISODE 131 - ESTEEM DIVINE ASSIGNMENTS ","info","no-banner",""
"21702","2023-06-03","EPISODE 132 - DOING GREAT THINGS","info","no-banner",""
"21729","2023-06-04","EPISODE 133 - DOING GREAT THINGS 2 ","info","no-banner",""
"21743","2023-06-05","EPISODE 134-DOING GREAT THINGS (According to God's Order) 3","info","no-banner",""
"21774","2023-06-06","EPISODE 135 - DOING GREAT THINGS (GOD IS WITH YOU) 4","info","no-banner",""
"21800","2023-06-07","EPISODE 136 - DOING GREAT THINGS (GOD IS WITH YOU 2) 5","info","no-banner",""
"21818","2023-06-08","EPISODE 137 - DOING GREAT THINGS (SERVING IS GREATNESS) 6","info","no-banner",""
"21834","2023-06-09","EPISODE 138 - DOING GREAT THINGS (with Audacity of faith) 7","info","no-banner",""
"21863","2023-06-10","EPISODE 139 - RESOUNDING: YOU ARE MORE THAN A CONQUEROR ‐ DEAR VALIANT ONE!","info","no-banner",""
"21879","2023-06-11"," EPISODE 140 - BE A GREAT PARTNER OF THE GOSPEL","info","no-banner",""
"21916","2023-06-12","EPISODE 141 - BE A STEWARD OF GOD'S FINANCES","info","no-banner",""
"21916","2023-06-12","EPISODE 141 - BE A STEWARD OF GOD'S FINANCES","warn","very-long-paragraph","1614 chars: David said, ""... I have given to the house of my God, over and above a…"
"21935","2023-06-13","EPISODE 142 - INCREASE IN THE GIVING-GRACE TO ADVANCE THE KINGDOM","info","no-banner",""
"21971","2023-06-14","EPISODE 143 - THE BLESSINGS OF GIVING 1 ","info","no-banner",""
"21999","2023-06-15","EPISODE 144 - THE BLESSINGS OF  GIVING 2 - ALL GRACE ","info","no-banner",""
"21999","2023-06-15","EPISODE 144 - THE BLESSINGS OF  GIVING 2 - ALL GRACE ","warn","very-long-paragraph","1557 chars: There are evidences all through scriptures to the benefits and blessin…"
"22017","2023-06-16","EPISODE 145 - THE BLESSINGS OF GIVING 3 - ESTEEMED BY GOD","info","no-banner",""
"22017","2023-06-16","EPISODE 145 - THE BLESSINGS OF GIVING 3 - ESTEEMED BY GOD","warn","very-long-paragraph","1922 chars: This brings me to another benefit of giving into the gospel. Take a lo…"
"22043","2023-06-17","EPISODE 146 - THE BLESSINGS OF GIVING 4 - MULTIPLIED RESOURCES","info","no-banner",""
"22061","2023-06-18"," EPISODE 147 - THE BLESSING OF GIVING 5","info","no-banner",""
"22078","2023-06-19","EPISODE 148 - THE BLESSINGS OF GIVING 6 - THE LORD SUPPLIES ALL YOUR NEED","info","no-banner",""
"22111","2023-06-20","EPISODE 149 - FAITH HAS NO REVERSE GEAR","info","no-banner",""
"22135","2023-06-21","EPISODE 150 - IMBUE FOCUS","info","no-banner",""
"22155","2023-06-22","EPISODE 151 - FAITH IS COURAGEOUS - (A RESOUND)","info","no-banner",""
"22179","2023-06-23","EPISODE 152 - A HEART OF FAITH; HAS A MOUTH FULL OF THANKSGIVING","info","no-banner",""
"22191","2023-06-24","EPISODE 153 - DON'T TREMOR AT OPPOSITION 1","info","no-banner",""
"22200","2023-06-25","EPISODE 154 - DON'T TREMOR AT OPPOSITION 2","info","no-banner",""
"22215","2023-06-26","EPISODE 155 - LEARN TO MINISTER UNTO THE LORD 1","info","no-banner",""
"22227","2023-06-27"," EPISODE 156 - INCREASE IN STRENGTH AMIDST PRESSURE","info","no-banner",""
"22227","2023-06-27"," EPISODE 156 - INCREASE IN STRENGTH AMIDST PRESSURE","info","no-memory-verse",""
"22243","2023-06-28","EPISODE 157 - PRAYER IS YOUR FIRST STRATEGY","info","no-banner",""
"22280","2023-06-29","EPISODE 158 - PRAY IN THE SPIRIT","info","no-banner",""
"22288","2023-06-30","EPISODE 159 - MAINTAIN AN ABSOLUTE CONFIDENCE IN GOD","info","no-banner",""
"22310","2023-07-01","EPISODE 160 - MAINTAIN AN ABSOLUTE CONFIDENCE IN GOD 2","info","no-banner",""
"22310","2023-07-01","EPISODE 160 - MAINTAIN AN ABSOLUTE CONFIDENCE IN GOD 2","warn","very-long-paragraph","1622 chars: This will reveal the greatness of the Son of God by what takes place.”…"
"22322","2023-07-02","Episode 161 - CALLED TO LEAD","info","no-banner",""
"22346","2023-07-03","EPISODE 162 - YOU ARE SENT BY THE LORD TO LEAD","info","no-banner",""
"22365","2023-07-04","EPISODE 163 - REAL LEADERS INTERCEDE","info","no-banner",""
"22365","2023-07-04","EPISODE 163 - REAL LEADERS INTERCEDE","warn","very-long-paragraph","1517 chars: You are called and chosen by God to lead many into purpose. The first …"
"22377","2023-07-05","EPISODE 164 - GO FOR THE TARGET","info","no-banner",""
"22377","2023-07-05","EPISODE 164 - GO FOR THE TARGET","warn","very-long-paragraph","2774 chars: ""Don't try too hard to complete the task you are expected to do, after…"
"22390","2023-07-06","EPISODE 165 - LET GOD'S WORK PROSPER IN YOUR HANDS","info","no-banner",""
"22418","2023-07-07","EPISODE 166 - SEE THE BEST IN PEOPLE","info","no-banner",""
"22435","2023-07-09","EPISODE 167 - BE A LEADING EXAMPLE","info","no-banner",""
"22447","2023-07-10","EPISODE 168 - ALWAYS BE STEADFAST IN PRAYER","info","no-banner",""
"22460","2023-07-11","EPISODE 169 - DISCIPLESHIP IS A CRUCIAL MATTER","info","no-banner",""
"22478","2023-07-12","EPISODE 170 - LIVE YOUR PRAYERS","info","no-banner",""
"22497","2023-07-13"," EPISODE 171 - YOU ARE GOD'S BELOVED","info","no-banner",""
"22513","2023-07-14"," EPISODE 172 - COMMUNE WITH THE HOLY SPIRIT","info","no-banner",""
"22533","2023-07-15"," EPISODE 173 - BLOSSOM AS A FOREST BY THE SPIRIT","info","no-banner",""
"22561","2023-07-16","EPISODE 174 - STOP THINKING POOR","info","no-banner",""
"22572","2023-07-17","EPISODE 175 - GOD DELIGHTS IN YOUR PROSPERITY","info","no-banner",""
"22601","2023-07-18"," EPISODE 176 - KEEP YOUR SENSE OF URGENCY","info","no-banner",""
"22619","2023-07-19","EPISODE 177 - GOD DOESN'T BLESS LAZINESS","info","no-banner",""
"22656","2023-07-20","EPISODE 178 - DON'T MAKE POVERTY A GUEST","info","no-banner",""
"22676","2023-07-21","EPISODE 179 - DEALING WITH LAZINESS","info","no-banner",""
"22693","2023-07-22"," EPISODE 180 - THE LORD IS WITH YOU FOREVER","info","no-banner",""
"22702","2023-07-23","EPISODE 181 - YOUR FUTURE IS SECURED","info","no-banner",""
"22720","2023-07-24","EPISODE 182 - THE GOSPEL OF CHRIST","info","no-banner",""
"22747","2023-07-25","EPISODE 183 - TESTIFY","info","no-banner",""
"22747","2023-07-25","EPISODE 183 - TESTIFY","warn","no-prayer",""
"22766","2023-07-26","EPISODE 184 - GOD IS BIGGER","info","no-banner",""
"22819","2023-07-27"," EPISODE 185 - LIVE IN THE CERTAINTY OF FAITH","info","no-banner",""
"22819","2023-07-27"," EPISODE 185 - LIVE IN THE CERTAINTY OF FAITH","info","no-memory-verse",""
"22844","2023-07-28","EPISODE 186 - YOU ARE COMPLETELY FREE","info","no-banner",""
"22869","2023-07-29","EPISODE 187 - CALLED INTO FELLOWSHIP","info","no-banner",""
"22889","2023-07-30","EPISODE 188 - SONSHIP IN CHRIST","info","no-banner",""
"22908","2023-08-01","EPISODE 189 - YOU ARE QUALIFIED","info","no-banner",""
"22919","2023-08-01","EPISODE 190 - SUBMIT YOURSELF TO GOD","info","no-banner",""
"22941","2023-08-02","EPISODE 191 - JUST THE SIMPLE THINGS","info","no-banner",""
"22957","2023-08-03"," EPISODE 192 - BEGIN WITH GOD","info","no-banner",""
"22975","2023-08-04","EPISODE 193 - WHAT IS IN YOUR HEART","info","no-banner",""
"22987","2023-08-05","EPISODE 194 - THE WORD CLEANSES YOU ","info","no-banner",""
"23030","2023-08-06","EPISODE 195 - AGREE WITH GOD ","info","no-banner",""
"23045","2023-08-07","EPISODE 196 - ARE YOU GOD'S PARTNER ","info","no-banner",""
"23065","2023-08-08","EPISODE 197 - PARTAKERS OF THE DIVINE NATURE","info","no-banner",""
"23124","2023-08-09","EPISODE 198 - STRENGTHENED FOR HIS WORK","info","no-banner",""
"23149","2023-08-10","EPISODE 199 - IS GOD YOUR NUMBER ONE","info","no-banner",""
"23165","2023-08-11","EPISODE 200 - HAVE YOU HEARD THIS GOOD NEWS","info","no-banner",""
"23165","2023-08-11","EPISODE 200 - HAVE YOU HEARD THIS GOOD NEWS","info","no-memory-verse",""
"23219","2023-08-12","EPISODE 201 - THE BASTION OF TRUTH 1","info","no-banner",""
"23252","2023-08-13","EPISODE 202 - THE BASTION OF TRUTH 2","info","no-banner",""
"23276","2023-08-14","EPISODE 203 - YOUR SPIRITUAL ROOT","info","no-banner",""
"23294","2023-08-15","EPISODE 204 - YOU ARE COUNTED IN THE FATHER'S FAMILY","info","no-banner",""
"23329","2023-08-16","EPISODE 205 - THE WOMB FOR DIVINE CIVILISATION","info","no-banner",""
"23352","2023-08-17","EPISODE 206 - THE HOUSEHOLD OF FAITH","info","no-banner",""
"23375","2023-08-18","EPISODE 207 - WHO IS YOUR FRIEND","info","no-banner",""
"23392","2023-08-19","EPISODE 208 - UPON ALL FLESH","info","no-banner",""
"23432","2023-08-20","EPISODE 209 - EVERYTHING YOU TOUCH CAN BE GOLD","info","no-banner",""
"23441","2023-08-21","EPISODE 210 - SEE POSSIBILITY WITH GOD","info","no-banner",""
"23465","2023-08-22","EPISODE 211 - ...BUT YOUR WILL... 1","info","no-banner",""
"23515","2023-08-23","EPISODE 212 - ...BUT YOUR WILL... 2","info","no-banner",""
"23565","2023-08-24","EPISODE 213 - LIVE BY REVELATION","info","no-banner",""
"23587","2023-08-25","EPISODE 214 - THE REVELATION-LIGHT","info","no-banner",""
"23639","2023-08-26","EPISODE 215 - ESTEEM THE REVELATION-LIGHT","info","no-banner",""
"23672","2023-08-27","EPISODE 216 - BE FIRM IN LOVE","info","no-banner",""
"23689","2023-08-28","EPISODE 217 - HOW TO EXPERIENCE THE WORKINGS OF THE WORD","info","no-banner",""
"23725","2023-08-29","EPISODE 218 - THE HAVEN OF ALL CONCEPTIONS","info","no-banner",""
"23785","2023-08-30","EPISODE 219 - ARE YOU PLEASING GOD OR MEN?","info","no-banner",""
"23818","2023-08-31","EPISODE 220 - BEAR YOUR YOKE NOW","info","no-banner",""
"23847","2023-09-01","EPISODE 221 - WHO ARE YOU TO YOUR PASTOR?","info","no-banner",""
"23877","2023-09-02","EPISODE 222 - BE FULL OF THANKSGIVING","info","no-banner",""
"23863","2023-09-03","EPISODE 223 - COMMUNING WITH THE HOLY SPIRIT","info","no-banner",""
"23885","2023-09-04","EPISODE 224 - RESPOND TO THE LORD'S VOICE","info","no-banner",""
"23901","2023-09-05","EPISODE 225 - UNDERSTANDING SPIRITUAL GROWTH","info","no-banner",""
"23965","2023-09-06","EPISODE 226 - ARE YOU GROWING? 1","info","no-banner",""
"24009","2023-09-07","EPISODE 227 - ARE YOU GROWING? 2","info","no-banner",""
"24079","2023-09-08","EPISODE 228 - TROUBLED ABOUT YOUR PRESENT SITUATION?","info","no-banner",""
"24109","2023-09-09","EPISODE 229 - ARE YOU GROWING? 3","info","no-banner",""
"24142","2023-09-10","EPISODE 230 - ARE YOU GROWING? 4","info","no-banner",""
"24159","2023-09-11","EPISODE 231 - ARE YOU GROWING? 5","info","no-banner",""
"24169","2023-09-12","EPISODE 232 - ARE YOU GROWING? 6 (THE FRUIT OF YOUR MATURITY 1)","info","no-banner",""
"24169","2023-09-12","EPISODE 232 - ARE YOU GROWING? 6 (THE FRUIT OF YOUR MATURITY 1)","error","possible-content-loss","output keeps 80% of source text"
"24187","2023-09-13","EPISODE 233 - ARE YOU GROWING? 7 (THE FRUIT OF YOUR MATURITY 2)","info","no-banner",""
"24187","2023-09-13","EPISODE 233 - ARE YOU GROWING? 7 (THE FRUIT OF YOUR MATURITY 2)","error","possible-content-loss","output keeps 80% of source text"
"24212","2023-09-14","EPISODE 234 - SIGNS OF SPIRITUAL IMMATURITY 1 (ARE YOU GROWING? 8)","info","no-banner",""
"24212","2023-09-14","EPISODE 234 - SIGNS OF SPIRITUAL IMMATURITY 1 (ARE YOU GROWING? 8)","info","no-memory-verse",""
"24238","2023-09-15","EPISODE 235 - THE HOLY SPIRIT STRENGTHENS YOU","info","no-banner",""
"24251","2023-09-16","EPISODE 236 - SIGNS OF SPIRITUAL IMMATURITY 2 (ARE YOU GROWING? 9)","info","no-banner",""
"24268","2023-09-17","EPISODE 237 - GOD TRUSTS YOU GREATLY","info","no-banner",""
"24283","2023-09-18","EPISODE 238 - THERE IS AN  END TO THIS WORK","info","no-banner",""
"24335","2023-09-19","EPISODE 239 - QUICKLY AND ENERGETICALLY CARRY OUT YOUR TASK","info","no-banner",""
"24348","2023-09-20","EPISODE 240 - SEE THE RESULTS","info","no-banner",""
"24376","2023-09-21","EPISODE 241 - GOD SET YOU IN THE CHURCH 1","info","no-banner",""
"24421","2023-09-22","EPISODE 242 - GOD SET YOU IN THE CHURCH 2","info","no-banner",""
"24436","2023-09-23","EPISODE 243 - ARE YOU A HELPER OF THE WAR?","info","no-banner",""
"24472","2023-09-24","EPISODE 244 - SERVING WITH THE RIGHT MOTIVE (DO AS UNTO THE LORD)","info","no-banner",""
"24519","2023-09-25","EPISODE 245 - TAKE A STAND!","info","no-banner",""
"24557","2023-09-26","EPISODE 246 - YOU ARE NOT EMPTY","info","no-banner",""
"24575","2023-09-27","EPISODE 247 - YOU ARE HEALED BY HIS STRIPES","info","no-banner",""
"24602","2023-09-28","EPISODE 248 - ARE YOU STRUGGLING WITH DEPRESSION? 1","info","no-banner",""
"24617","2023-09-29","EPISODE 249 - ARE YOU STRUGGLING WITH DEPRESSION? 2","info","no-banner",""
"24667","2023-09-30","EPISODE 250 - REFUSE TO BE DEPRESSED","info","no-banner",""
"24721","2023-10-01","EPISODE 251 - DON'T GIVE ROOM FOR DISTRACTIONS","info","no-banner",""
"24754","2023-10-02","EPISODE 252 -  HIS PRESENCE MAKES THE DIFFERENCE","info","no-banner",""
"24782","2023-10-03","EPISODE 253-THE LORD IS MY SHEPHERD 1 - WHO IS THE LORD?","info","no-banner",""
"24792","2023-10-04","EPISODE 254 - THE LORD IS MY SHEPHERD 2 - I LACK NOTHING","info","no-banner",""
"24804","2023-10-05","EPISODE 255 - THE LORD IS MY SHEPHERD 3 - I ENJOY REST","info","no-banner",""
"24820","2023-10-06","EPISODE 256 - REFRESHED BY HIS TENDER CARE AND RIGHTEOUSNESS","info","no-banner",""
"24840","2023-10-07","EPISODE 257 - REMAIN IN THE LORD'S FOLD","info","no-banner",""
"24864","2023-10-08","EPISODE 258 - GOD PUTS YOU UNDER A SHEPHERD","info","no-banner",""
"24871","2023-10-09","EPISODE 259 - SUBMITTING TO TRAINING","info","no-banner",""
"24879","2023-10-10","EPISODE 260 - HE LEADS YOU IN HIS RIGHTEOUSNESS","info","no-banner",""
"24885","2023-10-11","EPISODE 261 - FEAR NO EVIL","info","no-banner",""
"24885","2023-10-11","EPISODE 261 - FEAR NO EVIL","warn","no-prayer",""
"24916","2023-10-12","EPISODE 262 - HIS ROD AND HIS STAFF 1","info","no-banner",""
"24925","2023-10-13","EPISODE 263 - HIS ROD AND HIS STAFF 2","info","no-banner",""
"24945","2023-10-14","EPISODE 264 - HIS ROD AND HIS STAFF 3","info","no-banner",""
"24954","2023-10-15","EPISODE 265 - HIS ROD AND HIS STAFF 4","info","no-banner",""
"24964","2023-10-16","EPISODE 266 - MY SHEPHERD AND MY HOST","info","no-banner",""
"24986","2023-10-17","EPISODE 267 - MY SHEPHERD AND MY HOST 2","info","no-banner",""
"25043","2023-10-18","EPISODE 268 - YOUR PRICELESS PRIVILEGE AND SUPREME ADVANTAGE 1","info","no-banner",""
"25056","2023-10-19","EPISODE 269 - YOUR PRICELESS PRIVILEGE AND SUPREME ADVANTAGE 2","info","no-banner",""
"25067","2023-10-20","EPISODE 270 - YOU ARE VALUED BY THE GOOD SHEPHERD - YOUR GRACIOUS HOST 1","info","no-banner",""
"25096","2023-10-21","EPISODE 271 - YOU ARE VALUED BY THE GOOD SHEPHERD - YOUR GRACIOUS HOST 2","info","no-banner",""
"25104","2023-10-22","EPISODE 272 - TRANSFORMATION THROUGH THE GOSPEL","info","no-banner",""
"25121","2023-10-23","EPISODE 273 - CHRIST'S WON FREEDOM WASN'T PARTIAL","info","no-banner",""
"25130","2023-10-24","EPISODE 274 - WHAT IS THE EXTENT OF THE LOVE OF GOD IN YOUR HEART? ","info","no-banner",""
"25140","2023-10-25","EPISODE 275 - MY CUP OVERFLOWS 1","info","no-banner",""
"25162","2023-10-26","EPISODE 276 - MY CUP OVERFLOWS 2","info","no-banner",""
"25177","2023-10-27","EPISODE 277 - PURSUED BY GOODNESS AND MERCY 1","info","no-banner",""
"25213","2023-10-28","EPISODE 278 - PURSUED BY GOODNESS AND MERCY 2","info","no-banner",""
"25224","2023-10-29","EPISODE 279 - TAKE DISCIPLESHIP SERIOUS","info","no-banner",""
"25242","2023-10-30","EPISODE 280 - ETERNAL DWELLING WITH THE LORD 1","info","no-banner",""
"25262","2023-10-31","EPISODE 281 - ETERNAL DWELLING WITH THE LORD 2","info","no-banner",""
"25284","2023-11-01","EPISODE 282 - GOD'S STRATEGIC WISDOM FOR EFFECTIVE DISCIPLESHIP","info","no-banner",""
"25298","2023-11-02","EPISODE 283- THE SUPERIOR TEMPLATE; THE HEAVENLY PATTERN","info","no-banner",""
"25310","2023-11-03","EPISODE 284 - THE SUPERIOR TEMPLATE; THE HEAVENLY PATTERN 2","info","no-banner",""
"25319","2023-11-04","EPISODE 285 - HE KNOWS YOU BY NAME","info","no-banner",""
"25329","2023-11-05","EPISODE 286 - ARE YOU A DISCIPLE?","info","no-banner",""
"25343","2023-11-06","EPISODE 287 - ADVANCE IN GLORY 1","info","no-banner",""
"25367","2023-11-07","EPISODE 288 - ADVANCE IN GLORY 2  - CHRIST IS THE GLORY OF GOD","info","no-banner",""
"25392","2023-11-08","EPISODE 289 - ADVANCE IN GLORY 3 - PARTAKERS OF GLORY","info","no-banner",""
"25411","2023-11-09","EPISODE 290 - ADVANCE IN GLORY 4 - Manifest the Glory of God","info","no-banner",""
"25421","2023-11-10","EPISODE 291 - ADVANCE IN GLORY 5 - Beholding Jesus","info","no-banner",""
"25427","2023-11-11","EPISODE 292 - ADVANCE IN GLORY - Beholding Jesus 2","info","no-banner",""
"25427","2023-11-11","EPISODE 292 - ADVANCE IN GLORY - Beholding Jesus 2","info","no-memory-verse",""
"25441","2023-11-12","EPISODE 293 - KEEP YOUR GAZE ON THE WORD OF GOD","info","no-banner",""
"25459","2023-11-13","EPISODE 294 - LIVE UNTO HIS GLORY 1 - JESUS LIVED UNTO GOD'S GLORY","info","no-banner",""
"25482","2023-11-14","EPISODE 295 - LIVE UNTO HIS GLORY 2 - Follow The Example Of Jesus","info","no-banner",""
"25502","2023-11-15","EPISODE 296 - HOW TO LIVE UNTO HIS GLORY 1","info","no-banner",""
"25526","2023-11-16","EPISODE 297 - HOW TO LIVE UNTO HIS GLORY 2","info","no-banner",""
"25545","2023-11-17","EPISODE 298 - HOW TO LIVE UNTO HIS GLORY 3","info","no-banner",""
"25590","2023-11-18","EPISODE 299 - CONCERNING HONOR AND HUMILITY","info","no-banner",""
"25608","2023-11-19","EPISODE 300 - HAVE A PERSONAL REVELATION...","info","no-banner",""
"25633","2023-11-20","EPISODE 301 - COVER THE EARTH 1","info","no-banner",""
"25684","2023-11-21","EPISODE 302 - COVER THE EARTH 2","info","no-banner",""
"25723","2023-11-22","EPISODE 303 - THE GOSPEL SATURATION BY A BEACON LIGHT","info","no-banner",""
"25739","2023-11-23","EPISODE 304 - TAKE YOUR CITY","info","no-banner",""
"25757","2023-11-24","EPISODE 305 - ARE YOU INVOLVED?","info","no-banner",""
"25782","2023-11-25","EPISODE 306 - GLOW WITH FIRE","info","no-banner",""
"25799","2023-11-26","EPISODE 307 - DO SOMETHING NOW!","info","no-banner",""
"25811","2023-11-27","EPISODE 308 - YOU HAVE THE FAITH OF GOD","info","no-banner",""
"25817","2023-11-28","EPISODE 309 - LIVE IN THE CERTAINTY OF FAITH 2","info","no-banner",""
"25838","2023-11-29","EPISODE 310 - YOU CAN HAVE GREAT FAITH 1","info","no-banner",""
"25848","2023-11-30","EPISODE 311 - YOU CAN HAVE GREAT FAITH 2","info","no-banner",""
"25867","2023-12-01","EPISODE 312 - YOU CAN HAVE GREAT FAITH 3","info","no-banner",""
"25878","2023-12-02","EPISODE 313 - THE GREATEST ACCOMPLISHMENT OF FAITH","info","no-banner",""
"25888","2023-12-03","EPISODE 314 - GOD DESIGNED YOU FOR PRODUCTIVITY","info","no-banner",""
"25915","2023-12-04","EPISODE 315 - IMMENSE IN MERCY","info","no-banner",""
"25937","2023-12-05","EPISODE 316 - UNDERSTANDING MERCY","info","no-banner",""
"25963","2023-12-06","EPISODE 317 - IMMENSE IN MERCY 2","info","no-banner",""
"26001","2023-12-07","EPISODE 318 - GOD'S GOT YOUR BACK","info","no-banner",""
"26021","2023-12-08","EPISODE 319 - GOD'S GOT YOUR BACK 2","info","no-banner",""
"26043","2023-12-09","EPISODE 320 - ""IT IS NOT OVER YET!"" SAYS MERCY","info","no-banner",""
"26067","2023-12-10","EPISODE 321 - HE IS MORE THAN ENOUGH FOR YOU","info","no-banner",""
"26080","2023-12-11","EPISODE 322 - SEE DIFFERENTLY","info","no-banner",""
"26105","2023-12-12","EPISODE 323 - INCREASE IN CAPACITY 1","info","no-banner",""
"26132","2023-12-13","EPISODE 324 - INCREASE IN CAPACITY 2","info","no-banner",""
"26152","2023-12-14","EPISODE 325 - INCREASE IN CAPACITY 3","info","no-banner",""
"26164","2023-12-15","EPISODE 326 - EXPECT DIVINE EXALTATION 1","info","no-banner",""
"26185","2023-12-16","EPISODE 327 - EXPECT DIVINE EXALTATION 2","info","no-banner",""
"26202","2023-12-17","EPISODE 328 - JESUS SERVES THE BEST WINE 1","info","no-banner",""
"26213","2023-12-18","EPISODE 329 - JESUS SERVES THE BEST WINE 2","info","no-banner",""
"26234","2023-12-19","EPISODE 330 - JESUS SERVES THE BEST WINE (With Imperfect Vessels 1) 3","info","no-banner",""
"26259","2023-12-20","EPISODE 331 - JESUS SERVES THE BEST WINE (With Imperfect Vessels 2) 4","info","no-banner",""
"26277","2023-12-21","EPISODE 332 - THANKSGIVING IS ESSENTIAL","info","no-banner",""
"26323","2023-12-22","EPISODE 333 - THANKSGIVING IS ESSENTIAL 2","info","no-banner",""
"26346","2023-12-23","EPISODE 334 - PRACTICAL WAYS TO BE THANKFUL TO GOD","info","no-banner",""
"26400","2023-12-24","EPISODE 335 - CARTWHEELS OF JOY 1","info","no-banner",""
"26400","2023-12-24","EPISODE 335 - CARTWHEELS OF JOY 1","info","no-memory-verse",""
"26409","2023-12-25","EPISODE 336 - CARTWHEELS OF JOY 2","info","no-banner",""
"26409","2023-12-25","EPISODE 336 - CARTWHEELS OF JOY 2","info","no-memory-verse",""
"26423","2023-12-26","EPISODE 337 - DEMONSTRATE THE LOVE OF GOD IN YOU","info","no-banner",""
"26449","2023-12-27","EPISODE 338 - YOU ARE PART OF THE LORD'S ARMY","info","no-banner",""
"26460","2023-12-28","EPISODE 339 - BE THE BEST GOD WANTS YOU TO BE TODAY!","info","no-banner",""
"26472","2023-12-29","EPISODE 340- THERE IS NO TIME TO WASTE","info","no-banner",""
"26495","2023-12-30","EPISODE 341 - LET THE PERFECT PEACE OF CHRIST RULE IN YOUR HEART","info","no-banner",""
"26484","2023-12-31","EPISODE 342 - WHAT SHALL SEPARATE YOU?","info","no-banner",""
"26521","2024-01-01","EPISODE 343 - FOUR CRUCIAL ITEMS FOR A VICTORIOUS YEAR","info","no-banner",""
"26521","2024-01-01","EPISODE 343 - FOUR CRUCIAL ITEMS FOR A VICTORIOUS YEAR","info","no-memory-verse",""
"26530","2024-01-02","EPISODE 344 - RUN IN HIS COMMAND","info","no-banner",""
"26555","2024-01-03","EPISODE 345 - SERVE GOD'S PURPOSE","info","no-banner",""
"26570","2024-01-04","EPISODE 346 - BE IMMERSED IN THE SPIRIT 1","info","no-banner",""
"26588","2024-01-05","EPISODE 347 - ENGAGE THE PRESENCE OF THE HOLY SPIRIT","info","no-banner",""
"26614","2024-01-06","EPISODE 348 - BE IMMERSED IN THE SPIRIT 2","info","no-banner",""
"26626","2024-01-07","EPISODE 349 - BE IMMERSED IN THE SPIRIT 3","info","no-banner",""
"26650","2024-01-08","EPISODE 350 - BE IMMERSED IN THE SPIRIT 4","info","no-banner",""
"26675","2024-01-09","EPISODE 351 - BE IMMERSED IN THE SPIRIT 5","info","no-banner",""
"26704","2024-01-10","EPISODE 352 - THE SUPERNATURAL COMMANDMENT","info","no-banner",""
"26719","2024-01-11","EPISODE 353 - STAY LONG WITH GOD - BE IMMERSED IN THE SPIRIT 6","info","no-banner",""
"26828","2024-01-12","EPISODE 354 - STAY LONG WITH GOD 2 - BE IMMERSED IN THE SPIRIT 7","info","no-banner",""
"26893","2024-01-13","EPISODE 355 - GROW DEEPER - BE IMMERSED IN THE SPIRIT 8","info","no-banner",""
"26986","2024-01-14","EPISODE 356 - YOU HAVE A COURSE","info","no-banner",""
"27029","2024-01-15","EPISODE 357 - GROW DEEPER 2- BE IMMERSED IN THE SPIRIT 9","info","no-banner",""
"27048","2024-01-16","EPISODE 358 - GROW DEEPER 3- BE IMMERSED IN THE SPIRIT 10","info","no-banner",""
"27078","2024-01-17","EPISODE 359 - IMMERSE YOUR DESIRES INTO GOD","info","no-banner",""
"27185","2024-01-18","EPISODE 360 - IMMERSE YOUR DESIRES INTO GOD 2","info","no-banner",""
"27288","2024-01-19","EPISODE 361 - BE IMMERSED IN THE ZEAL OF GOD","info","no-banner",""
"27309","2024-01-20","EPISODE 362 - BE IMMERSED IN THE ZEAL OF GOD 2","info","no-banner",""
"27364","2024-01-21","EPISODE 363 - BE IMMERSED IN THE ZEAL OF GOD 3","info","no-banner",""
"27385","2024-01-22","EPISODE 364 - BE EMPOWERED BY GRACE","info","no-banner",""
"27400","2024-01-23","EPISODE 365 - DEPENDENCE ON GOD","info","no-banner",""
"27438","2024-01-24","EPISODE 366 - THE CASE IS CLOSED","info","no-banner",""
"27536","2024-01-25","EPISODE 367 - YOUR FREEDOM IS YOUR CONFIDENCE","info","no-banner",""
"27587","2024-01-26","EPISODE 368 - JUSTIFICATION 1","info","no-banner",""
"27626","2024-01-27","EPISODE 369 - RHYTHMS OF THE JUST","info","no-banner",""
"27640","2024-01-28","EPISODE 370 - JUSTIFICATION 2","info","no-banner",""
"27657","2024-01-29","EPISODE 371 - JUSTIFICATION 3","info","no-banner",""
"27678","2024-01-30","EPISODE 372 - TAKE OFF THE ILL-FITTING LOADS 1","info","no-banner",""
"27728","2024-01-31","EPISODE 373 - TAKE OFF THE ILL-FITTING LOADS 2","info","no-banner",""
"27759","2024-02-01","EPISODE 374 - DEALING WITH DECEPTION","info","no-banner",""
"27777","2024-02-02","EPISODE 375 - DEALING WITH DECEPTION 2","info","no-banner",""
"27824","2024-02-03","EPISODE 376 - REJOICE FOR HE HAS QUALIFIED YOU","info","no-banner",""
"27850","2024-02-04","EPISODE 377 - DEALING WITH DECEPTION 3","info","no-banner",""
"27865","2024-02-05","EPISODE 378 - DEALING WITH DECEPTION 4","info","no-banner",""
"27891","2024-02-06","EPISODE 380 - GUARD YOUR HEART - DEALING WITH DECEPTION 5","info","no-banner",""
"28229","2024-02-06","EPISODE 379 - GUARD YOUR HEART - DEALING WITH DECEPTION 5","info","no-banner",""
"27924","2024-02-07","EPISODE 381 - BEWARE OF FALSEHOOD IN YOUR MIDST - DEALING WITH DECEPTION 6","info","no-banner",""
"28230","2024-02-07","EPISODE 380 - BEWARE OF FALSEHOOD IN YOUR MIDST - DEALING WITH DECEPTION 6","info","no-banner",""
"28231","2024-02-08","EPISODE 381 - BEWARE OF FALSEHOOD IN YOUR MIDST 2 - DEALING WITH DECEPTION 7","info","no-banner",""
"27957","2024-02-08","EPISODE 382 - BEWARE OF FALSEHOOD IN YOUR MIDST 2 - DEALING WITH DECEPTION 7","info","no-banner",""
"28232","2024-02-09","EPISODE 382 - BEHOLD THE REALITY OF JESUS 1 - DEALING WITH DECEPTION 8","info","no-banner",""
"28015","2024-02-09","EPISODE 383 - BEHOLD THE REALITY OF JESUS 1 - DEALING WITH DECEPTION 8","info","no-banner",""
"28022","2024-02-10","EPISODE 384 - BEHOLD THE REALITY OF JESUS 2 - DEALING WITH DECEPTION 9","info","no-banner",""
"28233","2024-02-10","EPISODE 383 - BEHOLD THE REALITY OF JESUS 2 - DEALING WITH DECEPTION 9","info","no-banner",""
"28234","2024-02-11","EPISODE 384 - BEHOLD THE REALITY OF JESUS 3 - DEALING WITH DECEPTION 10","info","no-banner",""
"28057","2024-02-11","EPISODE 385 - BEHOLD THE REALITY OF JESUS 3 - DEALING WITH DECEPTION 10","info","no-banner",""
"28235","2024-02-12","EPISODE 385 - WORKING THE WORD 1","info","no-banner",""
"28236","2024-02-13","EPISODE 386 - WORKING THE WORD 2","info","no-banner",""
"28237","2024-02-14","EPISODE 387 - WORKING THE WORD 3","info","no-banner",""
"28238","2024-02-15","EPISODE 388 - WORKING THE WORD 4","info","no-banner",""
"28239","2024-02-16","EPISODE 389 - WORKING THE WORD 5","info","no-banner",""
"28265","2024-02-17","EPISODE 390 - WORKING THE WORD 6","info","no-banner",""
"28292","2024-02-18","EPISODE 391 - WORKING THE WORD 7","info","no-banner",""
"28326","2024-02-19","EPISODE 392 - ACT THE WORD","info","no-banner",""
"28332","2024-02-20","EPISODE 393- LOVE WISDOM","info","no-banner",""
"28410","2024-02-21","EPISODE 394 - KINGS REIGN BY WISDOM","info","no-banner",""
"28446","2024-02-22","EPISODE 395 - KINGS REIGN BY WISDOM 2","info","no-banner",""
"28479","2024-02-23","EPISODE 396 - THE FELLOWSHIP AND SOURCE OF TRUE WISDOM","info","no-banner",""
"28514","2024-02-24","EPISODE 397 - THE FELLOWSHIP AND SOURCE OF TRUE WISDOM 2","info","no-banner",""
"28521","2024-02-25","EPISODE 398 - THE FELLOWSHIP AND SOURCE OF TRUE WISDOM 3","info","no-banner",""
"28544","2024-02-26","EPISODE 399 - THE PREEMINENCE OF WISDOM 1","info","no-banner",""
"28575","2024-02-27","EPISODE 400 - THE PREEMINENCE OF WISDOM 2","info","no-banner",""
"28590","2024-02-28","EPISODE 401 - THE PERSON OF WISDOM 1","info","no-banner",""
"28615","2024-02-29","EPISODE 402 - THE PERSON OF WISDOM 2","info","no-banner",""
"28654","2024-03-01","EPISODE 403 - THE PRACTICE OF WISDOM 1","info","no-banner",""
"28663","2024-03-02","EPISODE 404 - THE PRACTICE OF WISDOM 2","info","no-banner",""
"28671","2024-03-03","EPISODE 405 - THE PRACTICE OF WISDOM 3","info","no-banner",""
"28692","2024-03-04","EPISODE 406 - THE PRACTICE OF WISDOM 4","info","no-banner",""
"28692","2024-03-04","EPISODE 406 - THE PRACTICE OF WISDOM 4","warn","tiny-paragraph",")."
"28704","2024-03-05","EPISODE 407 - SHINE ETERNALLY AS THE STARS","info","no-banner",""
"28765","2024-03-06","EPISODE 408 - PORTRAIT OF GRACE 1","info","no-banner",""
"28775","2024-03-07","EPISODE 409 - PORTRAIT OF GRACE 2","info","no-banner",""
"28842","2024-03-08","EPISODE 410 - PORTRAIT OF GRACE 3","info","no-banner",""
"28842","2024-03-08","EPISODE 410 - PORTRAIT OF GRACE 3","error","href-has-space","e concerning Jesus, who is <a href=""https:</p><ol><li>Unlike the law of Moses which condemns, <a href=""https://christcom"
"28881","2024-03-09","EPISODE 411 - PORTRAIT OF GRACE 4","info","no-banner",""
"29187","2024-03-10","EPISODE 412 - ARE YOU RUNNING TO GOD OR FROM GOD 1?","info","no-banner",""
"28894","2024-03-10","EPISODE 412 - ARE YOU RUNNING TO GOD OR FROM GOD?","info","no-banner",""
"28911","2024-03-11","EPISODE 413 - ARE YOU RUNNING TO GOD OR FROM GOD 2?","info","no-banner",""
"28941","2024-03-12","EPISODE 414 - THE GOSPEL REVEALS THE RIGHTEOUSNESS OF GOD","info","no-banner",""
"28941","2024-03-12","EPISODE 414 - THE GOSPEL REVEALS THE RIGHTEOUSNESS OF GOD","info","no-memory-verse",""
"29039","2024-03-13","EPISODE 415 - THE GOSPEL AWAKENS MORE FAITH","info","no-banner",""
"29055","2024-03-14","EPISODE 416 - THE GOSPEL AWAKENS MORE FAITH 2","info","no-banner",""
"29105","2024-03-15","EPISODE 417 - TRUE CHRISTIANITY - CHRIST LIVES IN YOU","info","no-banner",""
"29114","2024-03-16","EPISODE 418 - LET THE HOLY SPIRIT TAKE OVER YOUR SOUL","info","no-banner",""
"29127","2024-03-17","EPISODE 419 - ARE WE WASTING OUR TIME?","info","no-banner",""
"29132","2024-03-18","EPISODE 420 - PUT IT TO WORK NOW!","info","no-banner",""
"29145","2024-03-19","EPISODE 421 - WITNESSES OF CHRIST","info","no-banner",""
"29161","2024-03-20","EPISODE 422 - GO FOR THE ULTIMATE PLAN OF GOD","info","no-banner",""
"29169","2024-03-21","EPISODE 423 - DEALING WITH UNSEEN INFLUENCES 1 — The Spiritual Rules the Physica","info","no-banner",""
"29189","2024-03-22","EPISODE 424 - DEALING WITH UNSEEN INFLUENCES 2","info","no-banner",""
"29214","2024-03-23","EPISODE 425 - DEALING WITH UNSEEN INFLUENCES 3","info","no-banner",""
"29228","2024-03-24","EPISODE 426 - DEALING WITH UNSEEN INFLUENCES 4","info","no-banner",""
"29265","2024-03-25","EPISODE 427 - BE FAITHFUL TO THE LITTLE THINGS","info","no-banner",""
"29295","2024-03-26","EPISODE 428 - LOOK INSIDE","info","no-banner",""
"29314","2024-03-27","EPISODE 429 - PUT ON THE COMPLETE ARMOR OF GOD 1","info","no-banner",""
"29363","2024-03-28","EPISODE 430 - PUT ON THE COMPLETE ARMOR OF GOD 2","info","no-banner",""
"29526","2024-04-02","EPISODE 431 - JESUS IS THE PERFECT LAMB","info","no-banner",""
"29527","2024-04-02","EPISODE 432 - BE FULLY COMMITTED TO THIS COURSE","info","no-banner",""
"29528","2024-04-02","EPISODE 433 - THE GLORIOUS MYSTERY REVEALED","info","no-banner",""
"29529","2024-04-03","EPISODE 434 - BELIEVE IN THE REPORT OF THE LORD","info","no-banner",""
"29530","2024-04-03","EPISODE 435 - THE HIGHEST DEMONSTRATION OF FAITH","info","no-banner",""
"29531","2024-04-03","EPISODE 436 - THE TREE OF LIFE IN CHRIST","info","no-banner",""
"29532","2024-04-04","EPISODE 437 - THE BELT OF TRUTH 1 - The Complete Armor Of God 3","info","no-banner",""
"29533","2024-04-05","EPISODE 438 - THE BELT OF TRUTH 2 - The Complete Armor Of God 4","info","no-banner",""
"29534","2024-04-06","EPISODE 439 - THE BELT OF TRUTH 3 - The Complete Armor Of God 5","info","no-banner",""
"29535","2024-04-07","EPISODE 440 - THE BELT OF TRUTH 4 - The Complete Armor Of God 6","info","no-banner",""
"29536","2024-04-08","EPISODE 441 - THE BELT OF TRUTH 5 - The Complete Armor Of God 7","info","no-banner",""
"29537","2024-04-09","EPISODE 442 - THE BREASTPLATE OF RIGHTEOUSNESS 1 - The Complete Armor Of God 8","info","no-banner",""
"29538","2024-04-10","EPISODE 443 - THE BREASTPLATE OF RIGHTEOUSNESS 2 - The Complete Armor Of God 9","info","no-banner",""
"29563","2024-04-11","EPISODE 444 - THE BREASTPLATE OF RIGHTEOUSNESS 3 - The Complete Armor Of God 10","info","no-banner",""
"29600","2024-04-12","EPISODE 445 - THE BREASTPLATE OF RIGHTEOUSNESS 4 - The Complete Armor Of God 11","info","no-banner",""
"29644","2024-04-13","EPISODE 446 - THE BREASTPLATE OF LOVE AND FAITH VERSUS THE BREASTPLATE OF RIGHTE","info","no-banner",""
"29658","2024-04-14","EPISODE 447 - THE BREASTPLATE OF LOVE AND FAITH - The Complete Armor Of God 14","info","no-banner",""
"29685","2024-04-15","EPISODE 448 - DISARMED ENEMY","info","no-banner",""
"29719","2024-04-16","EPISODE 449 - HIS VICTORY IS YOUR VICTORY","info","no-banner",""
"29757","2024-04-17","EPISODE 450 - GOD IS FOR YOU","info","no-banner",""
"29808","2024-04-18","EPISODE 451 - BE GRACIOUS TO OTHERS","info","no-banner",""
"29813","2024-04-19","EPISODE 452 - PERSONALIZE THE LOVE OF CHRIST","info","no-banner",""
"29820","2024-04-20","EPISODE 453 - BOAST IN HIS LOVE","info","no-banner",""
"29832","2024-04-21","EPISODE 454 - HE'S GOT YOUR SIX","info","no-banner",""
"29837","2024-04-22","EPISODE 455 - BURN LIKE WILDFIRE","info","no-banner",""
"29863","2024-04-23","EPISODE 456 - SHOD YOUR FEET WITH THE PREPARATION OF THE GOSPEL 1","info","no-banner",""
"29863","2024-04-23","EPISODE 456 - SHOD YOUR FEET WITH THE PREPARATION OF THE GOSPEL 1","info","no-memory-verse",""
"29896","2024-04-24","EPISODE 457 - SHOD YOUR FEET WITH THE PREPARATION OF THE GOSPEL 2","info","no-banner",""
"29903","2024-04-25","EPISODE 458 - BEAUTIFUL FEET","info","no-banner",""
"29934","2024-04-25","EPISODE 458 - BEAUTIFUL FEET 1","info","no-banner",""
"29932","2024-04-26","EPISODE 459 - BEAUTIFUL FEET 2","info","no-banner",""
"29962","2024-04-27","EPISODE 460 - SHOD YOUR FEET WITH THE PREPARATION OF THE GOSPEL 3","info","no-banner",""
"29996","2024-04-28","EPISODE 461 - THE MARATHON RUN — BEAUTIFUL FEET 3","info","no-banner",""
"30007","2024-04-29","EPISODE 462 - A HIGH CALLING — BEAUTIFUL FEET 4","info","no-banner",""
"30031","2024-04-30","EPISODE 463 - PUT ON THE SHIELD OF FAITH 1","info","no-banner",""
"30031","2024-04-30","EPISODE 463 - PUT ON THE SHIELD OF FAITH 1","info","no-memory-verse",""
"30062","2024-05-01","EPISODE 464 - PUT ON THE SHIELD OF FAITH 2","info","no-banner",""
"30079","2024-05-02","EPISODE 465 - PUT ON THE SHIELD OF FAITH 3","info","no-banner",""
"30145","2024-05-03","EPISODE 466 - YOU MUST BE PERSUASIVE","info","no-banner",""
"30172","2024-05-04","EPISODE 467 - DON'T BELITTLE HIS ASSIGNMENTS","info","no-banner",""
"30185","2024-05-05","EPISODE 468 - THE ROMAN TESTUDO SHIELD FORMATION — PUT ON THE SHIELD OF FAITH 4","info","no-banner",""
"30236","2024-05-06","EPISODE 469 - THE ROMAN TESTUDO SHIELD FORMATION 2 — PUT ON THE SHIELD OF FAITH ","info","no-banner",""
"30253","2024-05-07","EPISODE 470 - THE FIERY DARTS OF THE WICKED 1— PUT ON THE SHIELD OF FAITH 6","info","no-banner",""
"30287","2024-05-08","EPISODE 471 - THE FIERY DARTS OF THE WICKED 2 — PUT ON THE SHIELD OF FAITH 7","info","no-banner",""
"30320","2024-05-09","EPISODE 472 - THE FIERY DARTS OF THE WICKED 3 — PUT ON THE SHIELD OF FAITH 8","info","no-banner",""
"30346","2024-05-10","EPISODE 473 - THE FIERY DARTS OF THE WICKED 4 — PUT ON THE SHIELD OF FAITH 9","info","no-banner",""
"30378","2024-05-11","EPISODE 474 - THE FIERY DARTS OF THE WICKED 5 — PUT ON THE SHIELD OF FAITH 10","info","no-banner",""
"30425","2024-05-12","EPISODE 475 - THE FIERY DARTS OF THE WICKED 6 — PUT ON THE SHIELD OF FAITH 10","info","no-banner",""
"30447","2024-05-13","EPISODE 476 - SHOW UP WITH JESUS... AND STAND UP WITH YOUR PASTOR","info","no-banner",""
"30480","2024-05-14","EPISODE 477 - SHOW UP WITH JESUS... AND STAND UP WITH YOUR PASTOR 2","info","no-banner",""
"30528","2024-05-15","EPISODE 478 - BE UP AT THE CRACK OF DAWN","info","no-banner",""
"30586","2024-05-16","EPISODE 479 - BEWARE OF AN ELIAB 1","info","no-banner",""
"30650","2024-05-17","EPISODE 480 - BEWARE OF AN ELIAB 2","info","no-banner",""
"30678","2024-05-18","EPISODE 481 - BEWARE OF AN ELIAB 3","info","no-banner",""
"30727","2024-05-19","EPISODE 482 - IS THERE NOT A CAUSE?","info","no-banner",""
"30788","2024-05-20","EPISODE 483 - THERE'S AN EXPECTED END THE LORD HAS FOR YOU","info","no-banner",""
"30901","2024-05-21","EPISODE 484 - HELMET OF SALVATION 1","info","no-banner",""
"30799","2024-05-21","EPISODE 484 - HELMET OF SALVATION","info","no-banner",""
"30819","2024-05-22","EPISODE 485 - HELMET OF SALVATION 2","info","no-banner",""
"30843","2024-05-23","EPISODE 486 - HELMET OF SALVATION 3","info","no-banner",""
"30858","2024-05-24","EPISODE 487 - THE SWORD OF THE SPIRIT 1","info","no-banner",""
"30882","2024-05-25","EPISODE 488 - ACT QUICKLY ON THOSE DIVINE IDEAS","info","no-banner",""
"30928","2024-05-26","EPISODE 489 - THE SWORD OF THE SPIRIT 2","info","no-banner",""
"30937","2024-05-27","EPISODE 490 - THE SWORD OF THE SPIRIT 3","info","no-banner",""
"30945","2024-05-28","EPISODE 491 - THE SWORD OF THE SPIRIT 4","info","no-banner",""
"30963","2024-05-29","EPISODE 492 - THE SWORD OF THE SPIRIT 5","info","no-banner",""
"30974","2024-05-30","EPISODE 493 - THE SWORD OF THE SPIRIT 6","info","no-banner",""
"31002","2024-05-31","EPISODE 494 - PRAYER - A WARFARE TRANSCEIVER 1","info","no-banner",""
"31013","2024-06-01","EPISODE 495 - PRAYER - A WARFARE TRANSCEIVER 2","info","no-banner",""
"31040","2024-06-02","EPISODE 496 - PRAYER - THE EMPOWERING FORCE","info","no-banner",""
"31071","2024-06-03","EPISODE 497 - PRAYING ALWAYS WITH ALL PRAYER 1","info","no-banner",""
"31111","2024-06-04","EPISODE 498 - PRAYING ALWAYS WITH ALL PRAYER 2","info","no-banner",""
"31126","2024-06-05","EPISODE 499 - ""I WILL GIVE YOU REST"" Says, JESUS","info","no-banner",""
"31144","2024-06-06","EPISODE 500 - THE FATHER'S LOVE 1","info","no-banner",""
"31144","2024-06-06","EPISODE 500 - THE FATHER'S LOVE 1","warn","no-title-extracted",""
"31177","2024-06-07","EPISODE 501 - THE FATHER'S LOVE 2","info","no-banner",""
"31214","2024-06-08","EPISODE 502 - THE FOUNDATION OF OUR FAITH","info","no-banner",""
"31244","2024-06-09","EPISODE 503 - FOCUS ON GOD'S BIGGER PURPOSE","info","no-banner",""
"31261","2024-06-10","EPISODE 504 - PRAYING...ALL PRAYERS 3 — SUPPLICATION 1","info","no-banner",""
"31280","2024-06-11","EPISODE 505 - PRAYING...ALL PRAYERS 4 — SUPPLICATION 2","info","no-banner",""
"31290","2024-06-12","EPISODE 506 - PRAYING...ALL PRAYERS 5 — SUPPLICATION 3","info","no-banner",""
"31322","2024-06-13","EPISODE 507 - PRAYING...ALL PRAYERS 6 — SUPPLICATION 4","info","no-banner",""
"31343","2024-06-14","EPISODE 508 - WATCHING IN PERSEVERANCE 1","info","no-banner",""
"31374","2024-06-15","EPISODE 509 - DISPENSE HIS RICH LOVE","info","no-banner",""
"31400","2024-06-16","EPISODE 510 - JESUS OUR PATTERN","info","no-banner",""
"31411","2024-06-17","EPISODE 511 - DEEP INTIMACY OF LOVE","info","no-banner",""
"31426","2024-06-18","EPISODE 512 - ANOTHER HELPER","info","no-banner",""
"31459","2024-06-19","EPISODE 513 - WATCHING IN PERSEVERANCE 2","info","no-banner",""
"31485","2024-06-20","EPISODE 514 - SUPPLICATION AND INTERCESSION FOR ALL SAINTS 1","info","no-banner",""
"31521","2024-06-21","EPISODE 515 - SUPPLICATION AND INTERCESSION FOR ALL SAINTS 2","info","no-banner",""
"31556","2024-06-22","EPISODE 516 - MAKE SUPPLICATION FOR YOUR LEADER","info","no-banner",""
"31567","2024-06-23","EPISODE 517 - DON'T SIT ON THE FENCE","info","no-banner",""
"31584","2024-06-24","EPISODE 518 - YOU MUST BE TRAINED","info","no-banner",""
"31626","2024-06-25","EPISODE 519 - MAKE SUPPLICATION FOR YOUR LEADER 2","info","no-banner",""
"31650","2024-06-26","EPISODE 520 - MAKE SUPPLICATION FOR YOUR LEADER 3","info","no-banner",""
"31668","2024-06-27","EPISODE 521 - FINALLY BE STRONG","info","no-banner",""
"31702","2024-06-28","EPISODE 522 - YOU ARE SEATED IN GLORY 1","info","no-banner",""
"31747","2024-06-29","EPISODE 523 - YOU ARE SEATED IN GLORY 2","info","no-banner",""
"31768","2024-06-30","EPISODE 524 - YOU ARE SEATED IN GLORY 3","info","no-banner",""
"31794","2024-07-01","EPISODE 525 - GOD — YOUR PLACE OF REFUGE","info","no-banner",""
"31804","2024-07-02","EPISODE 526 - WALK IN HONOR","info","no-banner",""
"31824","2024-07-03","EPISODE 527 - GOD IS UNFAILING","info","no-banner",""
"31853","2024-07-04","EPISODE 528 - MOVE IN FAITH","info","no-banner",""
"31876","2024-07-05","EPISODE 529 - TWO CRUCIAL RUDDERS 1","info","no-banner",""
"31895","2024-07-06","EPISODE 530 - TWO CRUCIAL RUDDERS 2","info","no-banner",""
"31943","2024-07-07","EPISODE 531 - TWO CRUCIAL RUDDERS 3","info","no-banner",""
"31985","2024-07-08","EPISODE 532 - TWO CRUCIAL RUDDERS 4","info","no-banner",""
"32002","2024-07-09","EPISODE 533 - TWO CRUCIAL RUDDERS 5","info","no-banner",""
"32023","2024-07-10","EPISODE 534 - TWO CRUCIAL RUDDERS 6","info","no-banner",""
"32036","2024-07-11","EPISODE 535 - TWO CRUCIAL RUDDERS 7","info","no-banner",""
"32086","2024-07-12","EPISODE 536 - STOP SEEING IMPOSSIBILITY","info","no-banner",""
"32130","2024-07-13","EPISODE 537 - UNFEIGNED LOVE","info","no-banner",""
"32148","2024-07-14","EPISODE 538 - WHAT DO YOU SEE?","info","no-banner",""
"32157","2024-07-15","EPISODE 539 - GOD GIVES GRACE 1","info","no-banner",""
"32166","2024-07-16","EPISODE 540 - GOD GIVES GRACE 2","info","no-banner",""
"32199","2024-07-17","EPISODE 541 - GOD GIVES GRACE 3","info","no-banner",""
"32214","2024-07-18","EPISODE 542 - GOD GIVES GRACE 4 - Take Grace by Faith","info","no-banner",""
"32245","2024-07-19","EPISODE 543 - GOD GIVES GRACE 5 -Remain Humble","info","no-banner",""
"32288","2024-07-20","EPISODE 544 - GOD GIVES GRACE 6 — Take Grace through Prayer","info","no-banner",""
"32309","2024-07-21","EPISODE 545 - GOD GIVES GRACE 7 - Multiply Grace 1","info","no-banner",""
"32341","2024-07-22","EPISODE 546 - GOD GIVES GRACE 8 — Multiply Grace 2","info","no-banner",""
"32347","2024-07-23","EPISODE 547 - DON'T LIMIT GOD'S ABILITY IN YOU 1","info","no-banner",""
"32353","2024-07-24","EPISODE 548 - DON'T LIMIT GOD'S ABILITY IN YOU 2","info","no-banner",""
"32378","2024-07-25","EPISODE 549 - GOD'S LOVE NEVER FAILS AND NEVER RUNS OUT 1","info","no-banner",""
"32411","2024-07-26","EPISODE 550 - GOD'S LOVE NEVER FAILS AND NEVER RUNS OUT 2","info","no-banner",""
"32423","2024-07-27","EPISODE 551 - THE LORD KNOWS YOU PERSONALLY","info","no-banner",""
"32436","2024-07-28","EPISODE 552 - EXERCISE THE AUDACITY OF FAITH","info","no-banner",""
"32448","2024-07-29","EPISODE 553 - SUBMIT TO HIS WILL","info","no-banner",""
"32469","2024-07-30","EPISODE 554 - THE GIVING-GRACE ","info","no-banner",""
"32519","2024-07-31"," EPISODE 555 - ALL GRACE","info","no-banner",""
"32528","2024-08-01","EPISODE 556 - STEWARDS OF GOD'S RESOURCES 1","info","no-banner",""
"32553","2024-08-02","EPISODE 557 - STEWARDS OF GOD'S RESOURCES 2","info","no-banner",""
"32584","2024-08-03","EPISODE 558 - DELIGHT IN HIM","info","no-banner",""
"32593","2024-08-04","EPISODE 559 - STEWARDS OF GOD'S RESOURCES 3","info","no-banner",""
"32604","2024-08-05","EPISODE 560 - STEWARDS OF GOD'S RESOURCES 4","info","no-banner",""
"32620","2024-08-06","EPISODE 561 - STEWARDS OF GOD'S RESOURCES 5","info","no-banner",""
"32650","2024-08-07","EPISODE 562 - STEWARDS OF GOD'S RESOURCES 6","info","no-banner",""
"32678","2024-08-08","EPISODE 563 - STEWARDS OF GOD'S RESOURCES 7","info","no-banner",""
"32704","2024-08-09","EPISODE 564 - STEWARDS OF GOD'S RESOURCES 8","info","no-banner",""
"32718","2024-08-10","EPISODE 565 - STEWARDS OF GOD'S RESOURCES 9","info","no-banner",""
"32747","2024-08-11","EPISODE 566 - WALK IN HIS WILL","info","no-banner",""
"32762","2024-08-12","EPISODE 567 - STEWARDS OF GOD'S RESOURCES 10","info","no-banner",""
"32784","2024-08-13","EPISODE 568 - STEWARDS OF GOD'S RESOURCES 11","info","no-banner",""
"32791","2024-08-14","EPISODE 569 - STEWARDS OF GOD'S RESOURCES 12","info","no-banner",""
"32804","2024-08-15","EPISODE 570 - REDEMPTION OF TIME AND EARLY SUCCESS 1","info","no-banner",""
"32814","2024-08-16","EPISODE 571 - GROW IN THE RICH KNOWLEDGE OF CHRIST","info","no-banner",""
"32843","2024-08-17","EPISODE 572 - REDEMPTION OF TIME AND EARLY SUCCESS 2","info","no-banner",""
"32871","2024-08-18","EPISODE 573 - REDEMPTION OF TIME AND EARLY SUCCESS 3","info","no-banner",""
"32921","2024-08-19","EPISODE 574 - BE SOAKED BY THE HOLY SPIRIT ","info","no-banner",""
"32930","2024-08-20","EPISODE 575 - STEWARDS OF GOD'S RESOURCES 13","info","no-banner",""
"32960","2024-08-21","EPISODE 576 - STEWARDS OF GOD'S RESOURCES 14","info","no-banner",""
"32969","2024-08-22","EPISODE 577 - WORK IT — DON'T BEG! 1","info","no-banner",""
"33001","2024-08-23","EPISODE 578 - WORK IT — DON'T BEG! 2","info","no-banner",""
"33040","2024-08-24","EPISODE 579 - PREACH THE GOSPEL DAILY","info","no-banner",""
"33049","2024-08-25","EPISODE 580 - THIS IS A NECESSITY","info","no-banner",""
"33107","2024-08-26","EPISODE 581 - BE ON GUARD","info","no-banner",""
"33122","2024-08-27","EPISODE 582 - UPHOLD AND ESTEEM THE TEACHINGS OF CHRIST","info","no-banner",""
"33157","2024-08-28","EPISODE 583 - GRACE EMPOWERS YOU","info","no-banner",""
"33172","2024-08-29","EPISODE 584 - CHANNEL YOUR EMOTIONS TOWARDS THE LORD","info","no-banner",""
"33192","2024-08-30","EPISODE 585 - YOU CAN DO ALL THINGS 1","info","no-banner",""
"33219","2024-08-31","EPISODE 586 - YOU CAN DO ALL THINGS 2","info","no-banner",""
"33262","2024-09-01","EPISODE 587 - YOU CAN DO ALL THINGS 3","info","no-banner",""
"33272","2024-09-02","EPISODE 588 - YOU CAN DO ALL THINGS 4","info","no-banner",""
"33292","2024-09-03","EPISODE 589 - FAITH THAT CANNOT FAIL 1","info","no-banner",""
"33302","2024-09-04","EPISODE 590 - FAITH THAT CANNOT FAIL 2","info","no-banner",""
"33329","2024-09-05","EPISODE 591 - FAITH THAT CANNOT FAIL 3—BE FULL OF THE WORD!","info","no-banner",""
"33353","2024-09-06","EPISODE 592 - FAITH THAT CANNOT FAIL 4 — SPEAKING FAITH","info","no-banner",""
"33365","2024-09-07","EPISODE 593 - YOU CARRY HIS FULLNESS","info","no-banner",""
"33374","2024-09-08","EPISODE 594 - GOD RESISTS THE PROUD","info","no-banner",""
"33380","2024-09-09","EPISODE 595 - FAITH THAT CANNOT FAIL 5 — FAITH IS DARING","info","no-banner",""
"33402","2024-09-10","EPISODE 596 - FAITH THAT CANNOT FAIL 6 — FAITH IS DARING","info","no-banner",""
"33432","2024-09-11","EPISODE 597 - FAITH THAT CANNOT FAIL 7 — FAITH IS OBEDIENT","info","no-banner",""
"33455","2024-09-12","EPISODE 598 - FAITH THAT CANNOT FAIL 8 — FAITH IS ABOVE FACTS","info","no-banner",""
"33478","2024-09-13","EPISODE 599 - FAITH THAT CANNOT FAIL 9 — FAITH IS PERSISTENT","info","no-banner",""
"33845","2024-09-13","EPISODE 599 - FAITH THAT CANNOT FAIL 9 — FAITH IS PERSISTENT 1","info","no-banner",""
"33543","2024-09-14","EPISODE 600 - FAITH THAT CANNOT FAIL 10 — FAITH IS PERSISTENT 2","info","no-banner",""
"33619","2024-09-15","EPISODE 601 - FAITH THAT CANNOT FAIL 11— FAITH IS PERSISTENT 3","info","no-banner",""
"33671","2024-09-16","EPISODE 602 - OUTSOURCE YOUR ANXIETY 1","info","no-banner",""
"33695","2024-09-17","EPISODE 603 - OUTSOURCE YOUR ANXIETY 2","info","no-banner",""
"33718","2024-09-18","EPISODE 604 - STRENGTHEN YOURSELF IN THE LORD","info","no-banner",""
"33734","2024-09-19","EPISODE 605 - STRENGTHEN YOURSELF IN THE LORD 2","info","no-banner",""
"33768","2024-09-20","EPISODE 606 - STRENGTHEN YOURSELF IN THE LORD 3","info","no-banner",""
"33797","2024-09-21","EPISODE 607 - PRACTICE THIS WISDOM","info","no-banner",""
"33828","2024-09-22","EPISODE 608 - PRAISE JESUS FOR HE IS THE KING AND LORD ","info","no-banner",""
"33846","2024-09-23","EPISODE 609 - BE TENDER-HEARTED","info","no-banner",""
"33909","2024-09-24","EPISODE 610 - A CRUCIAL ROOT OF STAGNATION","info","no-banner",""
"33933","2024-09-25","EPISODE 611 - DO NOT BE DECEIVED","info","no-banner",""
"33980","2024-09-26","EPISODE 612 - LET YOURSELF OFF THE HOOK!","info","no-banner",""
"33990","2024-09-27","EPISODE 613 - LET YOURSELF OFF THE HOOK 2","info","no-banner",""
"34023","2024-09-28","EPISODE 614 - THE DEVIL DESIRES TO SIFT YOU 1","info","no-banner",""
"34032","2024-09-29","EPISODE 615 - THE DEVIL DESIRES TO SIFT YOU 2","info","no-banner",""
"34048","2024-09-30","EPISODE 616 - PRACTICE JOY","info","no-banner",""
"34069","2024-10-01","EPISODE 617 - SEEK AFTER KNOWLEDGE","info","no-banner",""
"34103","2024-10-02","EPISODE 618 - SEEK AFTER KNOWLEDGE 2","info","no-banner",""
"34116","2024-10-03","EPISODE 619 - SEEK AFTER KNOWLEDGE 3","info","no-banner",""
"34182","2024-10-04","EPISODE 620 - THE 5 BETTER NOTS 1","info","no-banner",""
"34195","2024-10-05","EPISODE 621 - THE 5 BETTER NOTS 2 (GLEANINGS FROM THE BOOK OF HEBREWS)","info","no-banner",""
"34263","2024-10-06","EPISODE 622 - THE 5 BETTER NOTS 3 (Gleanings From the Book of Hebrews)","info","no-banner",""
"34294","2024-10-07","EPISODE 623 - FOCUS ON THE MANDATE","info","no-banner",""
"34316","2024-10-08","EPISODE 624 - RUN WITH THE WORD","info","no-banner",""
"34335","2024-10-09","EPISODE 625 - THE 5 BETTER NOTS 4 (Gleanings From the Book of Hebrews)","info","no-banner",""
"34335","2024-10-09","EPISODE 625 - THE 5 BETTER NOTS 4 (Gleanings From the Book of Hebrews)","error","href-has-space","e Lord is also warning you.<a href=""https:</p><ol><li>DON'T DISREGARD THE WORD OF CHRIST TO YOU.</a></li><li>Second warn"
"34393","2024-10-10","EPISODE 626 - THE 5 BETTER NOTS 5 (Gleanings From the Book of Hebrews)","info","no-banner",""
"34437","2024-10-11","EPISODE 627 - THE 5 BETTER NOTS 6 (Gleanings From the Book of Hebrews)","info","no-banner",""
"34437","2024-10-11","EPISODE 627 - THE 5 BETTER NOTS 6 (Gleanings From the Book of Hebrews)","warn","very-long-paragraph","2344 chars: The Consequence Of Doubting The WORD OF GOD! As I mentioned in yesterd…"
"34457","2024-10-12","EPISODE 628 - BE METAMORPHOSED","info","no-banner",""
"34476","2024-10-13","EPISODE 629 - THE 5 BETTER NOTS 7 (Gleanings From the Book of Hebrews)","info","no-banner",""
"34503","2024-10-14","EPISODE 630 - LET CHRIST BE SEEN IN YOU","info","no-banner",""
"34527","2024-10-15","EPISODE 631 - THE 5 BETTER NOTS 8 (Gleanings From the Book of Hebrews)","info","no-banner",""
"34544","2024-10-16","EPISODE 632 - THE 5 BETTER NOTS 9 (Gleanings From the Book of Hebrews)","info","no-banner",""
"34568","2024-10-17","EPISODE 633 - THE 5 BETTER NOTS 10 (Gleanings From the Book of Hebrews)","info","no-banner",""
"34623","2024-10-18","EPISODE 634 - THE 5 BETTER NOTS 11 (Gleanings From the Book of Hebrews)","info","no-banner",""
"34637","2024-10-19","EPISODE 635 - RUN TO THE LORD!","info","no-banner",""
"34655","2024-10-20","EPISODE 636 - GET INTO PRAYER","info","no-banner",""
"34674","2024-10-21","EPISODE 637 - ENGAGE THE ENERGIES OF GOD","info","no-banner",""
"34697","2024-10-22","EPISODE 638 - KEEP ON","info","no-banner",""
"34727","2024-10-23","EPISODE 639 - HEARING GOD'S VOICE 1","info","no-banner",""
"34738","2024-10-24","EPISODE 640 - HEARING GOD'S VOICE 2","info","no-banner",""
"34759","2024-10-25","EPISODE 641 - HEARING GOD'S VOICE 3 – Why God Speaks to You","info","no-banner",""
"34792","2024-10-26","EPISODE 642 - START EARLY","info","no-banner",""
"34814","2024-10-27","EPISODE 643 - HEARING GOD'S VOICE 4 – Does God Speak Today? 1","info","no-banner",""
"34869","2024-10-28","EPISODE 644 - HEARING GOD'S VOICE 5 – Does God Speak Today? 2","info","no-banner",""
"34905","2024-10-29","EPISODE 645 - HEARING GOD'S VOICE 6 – How Do I Hear God's Voice? 1","info","no-banner",""
"34940","2024-10-30","EPISODE 646 - HEARING GOD'S VOICE 7 – How Do I Hear God's Voice? 2","info","no-banner",""
"34981","2024-10-31","EPISODE 647 - HEARING GOD'S VOICE 8 – How Do I Hear God's Voice? 3","info","no-banner",""
"35006","2024-11-01","EPISODE 648 - HEARING GOD'S VOICE 9 – How Do I Hear God's Voice? 4","info","no-banner",""
"35032","2024-11-02","EPISODE 649 - HEARING GOD'S VOICE 10 – How Do I Hear God's Voice? 5","info","no-banner",""
"35039","2024-11-03","EPISODE 650 - HEARING GOD'S VOICE 11 – How Do I Hear God's Voice? 6 — THE SCRIPT","info","no-banner",""
"35045","2024-11-04","EPISODE 651 - HEARING GOD'S VOICE 12 – How Do I Hear God's Voice? 7 — Means and ","info","no-banner",""
"35061","2024-11-05","EPISODE 652 - HEARING GOD'S VOICE 13 – How Do I Hear God's Voice? 8 — Means and ","info","no-banner",""
"35077","2024-11-06","EPISODE 653 - HEARING GOD'S VOICE 14 – How Do I Hear God's Voice? 9 — Means and ","info","no-banner",""
"35092","2024-11-07","EPISODE 654 - HEARING GOD'S VOICE 15 – How Do I Hear God's Voice? 10 — MORE ON V","info","no-banner",""
"35141","2024-11-08","EPISODE 655 - BURST FORTH IN SPIRITUAL SONGS","info","no-banner",""
"35153","2024-11-09","EPISODE 656 - CULTIVATE A CONSISTENT HABIT OF THANKSGIVING","info","no-banner",""
"35169","2024-11-10","EPISODE 657 - THE LAMB SONG - THE NEW SONG 1","info","no-banner",""
"35184","2024-11-11","EPISODE 658 - THE LAMB SONG – THE NEW SONG 2","info","no-banner",""
"35212","2024-11-12","EPISODE 659 - THE LAMB SONG – THE NEW SONG 3","info","no-banner",""
"35229","2024-11-13","EPISODE 660 - THE LAMB SONG – THE NEW SONG 4","info","no-banner",""
"35229","2024-11-13","EPISODE 660 - THE LAMB SONG – THE NEW SONG 4","error","possible-content-loss","output keeps 75% of source text"
"35255","2024-11-14","EPISODE 661 - LOOK INTO THE WORD","info","no-banner",""
"35274","2024-11-15","EPISODE 662 - SPEAK YOUR FAMILY LANGUAGE","info","no-banner",""
"35287","2024-11-16","EPISODE 663 - ACCESSING SECRETS 1","info","no-banner",""
"35306","2024-11-17","EPISODE 664 - THE CITADEL OF DIVINE REALITY ","info","no-banner",""
"35318","2024-11-18","EPISODE 665  - HEARING GOD'S VOICE 16 – How Do I Hear God's Voice? 11 — MORE ON ","info","no-banner",""
"35355","2024-11-19","EPISODE 666 - HEARING GOD'S VOICE 17 – How Do I Hear God's Voice? 12 — MORE ON V","info","no-banner",""
"35372","2024-11-20","EPISODE 667 - HEARING GOD'S VOICE 18 – How Do I Hear God's Voice? 13 — MORE ON V","info","no-banner",""
"35372","2024-11-20","EPISODE 667 - HEARING GOD'S VOICE 18 – How Do I Hear God's Voice? 13 — MORE ON V","warn","very-long-paragraph","1611 chars: After this amazing vision of Cornelius, God quickly sent a prophetic m…"
"35392","2024-11-21","EPISODE 668 - HEARING GOD'S VOICE 19 – How Do I Hear God's Voice? 14 — MORE ON V","info","no-banner",""
"35392","2024-11-21","EPISODE 668 - HEARING GOD'S VOICE 19 – How Do I Hear God's Voice? 14 — MORE ON V","warn","very-long-paragraph","1592 chars: The apostle Peter's experience unveiled some few items on this matter.…"
"35406","2024-11-22","EPISODE 669 - PURSUE THE EXPRESSION OF WISDOM","info","no-banner",""
"35422","2024-11-23","EPISODE 670 - HEARING GOD'S VOICE 20 - PERCEIVING GOD'S VOICE 1","info","no-banner",""
"35448","2024-11-24","EPISODE 671 - HEARING GOD'S VOICE 21 –PERCEIVING GOD'S VOICE 2 ","info","no-banner",""
"35463","2024-11-25","EPISODE 672 - PRAISE HIM WITH THE GLADNESS OF HEART","info","no-banner",""
"35479","2024-11-26","EPISODE 673 - HEARING GOD'S VOICE 22 – PERCEIVING GOD'S VOICE 3","info","no-banner",""
"35496","2024-11-27","EPISODE 674 - HEARING GOD'S VOICE 23 – PERCEIVING GOD'S VOICE 4","info","no-banner",""
"35496","2024-11-27","EPISODE 674 - HEARING GOD'S VOICE 23 – PERCEIVING GOD'S VOICE 4","error","href-has-space","tainty of the Lord's voice.<a href=""https:</p><ul><li>The voice of the Lord is precise and peaceful.</li><li>The voice o"
"35506","2024-11-28","EPISODE 675 - HEARING GOD'S VOICE 24 – THE VOICE OF GOD Versus YOUR IMAGINATION ","info","no-banner",""
"35515","2024-11-29","EPISODE 676 - HEARING GOD'S VOICE 25 – THE VOICE OF GOD Versus YOUR IMAGINATION ","info","no-banner",""
"35528","2024-11-30","EPISODE 677 - TAKE MORE GRACE","info","no-banner",""
"35545","2024-12-01","EPISODE 678 - WALK IN THE PERFECTION OF LOVE","info","no-banner",""
"35564","2024-12-02","EPISODE 679 - HEARING GOD'S VOICE 26 – THE VOICE OF GOD Versus YOUR IMAGINATION ","info","no-banner",""
"35583","2024-12-03","EPISODE 680 - HEARING GOD'S VOICE 27 – GOD SPEAKS THROUGH MEN","info","no-banner",""
"35595","2024-12-04","EPISODE 681 - NAVIGATING FAITH DURING ELECTION 1","info","no-banner",""
"35604","2024-12-05","EPISODE 682 - NAVIGATING FAITH DURING ELECTION 2","info","no-banner",""
"35615","2024-12-06","EPISODE 683 - NAVIGATING FAITH DURING ELECTION 3","info","no-banner",""
"35631","2024-12-07","EPISODE 684 - SIXTEEN PROJECTILES TO INTERCEPT 1","info","no-banner",""
"35649","2024-12-08","EPISODE 685 - SIXTEEN PROJECTILES TO INTERCEPT 2","info","no-banner",""
"35669","2024-12-09","EPISODE 686 - SIXTEEN PROJECTILES TO INTERCEPT 3","info","no-banner",""
"35682","2024-12-10","EPISODE 687 - SIXTEEN PROJECTILES TO INTERCEPT 4","info","no-banner",""
"35691","2024-12-11","EPISODE 688 - SIXTEEN PROJECTILES TO INTERCEPT 5","info","no-banner",""
"35691","2024-12-11","EPISODE 688 - SIXTEEN PROJECTILES TO INTERCEPT 5","warn","very-long-paragraph","1567 chars: ""good"" and not the ""worst"". Genuine family situations or career choice…"
"35704","2024-12-12","EPISODE 689 - SIXTEEN PROJECTILES TO INTERCEPT 6","info","no-banner",""
"35722","2024-12-13","EPISODE 690 - SIXTEEN PROJECTILES TO INTERCEPT 7","info","no-banner",""
"35757","2024-12-14","EPISODE 691 - SIXTEEN PROJECTILES TO INTERCEPT 8","info","no-banner",""
"35821","2024-12-15","EPISODE 692 - SIXTEEN PROJECTILES TO INTERCEPT 9","info","no-banner",""
"35836","2024-12-16","EPISODE 693 - DON'T LEAVE YOUR LIFE TO CHANCE","info","no-banner",""
"35848","2024-12-17","EPISODE 694 - SIXTEEN PROJECTILES TO INTERCEPT 10","info","no-banner",""
"35860","2024-12-18","EPISODE 695 - SIXTEEN PROJECTILES TO INTERCEPT 11","info","no-banner",""
"35873","2024-12-19","EPISODE 696 - SIXTEEN PROJECTILES TO INTERCEPT 12","info","no-banner",""
"35891","2024-12-20","EPISODE 697 - DEAL WITH UNFORGIVENESS","info","no-banner",""
"35891","2024-12-20","EPISODE 697 - DEAL WITH UNFORGIVENESS","warn","tiny-paragraph",")."
"35909","2024-12-21","EPISODE 698 - DO YOU HAVE A PERSONAL REVELATION?","info","no-banner",""
"35917","2024-12-22","EPISODE 699 - EXERCISE GREAT FAITH","info","no-banner",""
"35932","2024-12-23","EPISODE 700 - TRUST THE LORD","info","no-banner",""
"35949","2024-12-24","EPISODE 701 - DON'T BE DOMINATED BY THE FLESH","info","no-banner",""
"35962","2024-12-25","EPISODE 702 - THIS JESUS 1","info","no-banner",""
"35962","2024-12-25","EPISODE 702 - THIS JESUS 1","warn","very-long-paragraph","2135 chars: ""How goodly are thy tents, O Jacob, and thy tabernacles, O Israel! As …"
"35989","2024-12-26","EPISODE 703 - THIS JESUS 2","info","no-banner",""
"36013","2024-12-27","EPISODE 704 - THIS JESUS 3","info","no-banner",""
"36022","2024-12-28","EPISODE 705 - THIS JESUS 4","info","no-banner",""
"36033","2024-12-29","EPISODE 706 - THIS JESUS 5 — Jesus in the ""Tanakh""","info","no-banner",""
"36033","2024-12-29","EPISODE 706 - THIS JESUS 5 — Jesus in the ""Tanakh""","warn","very-long-paragraph","1565 chars: ""Old Testament"" in the Bible. Note: As I have explained, the Old Testa…"
"36040","2024-12-30","EPISODE 707 - BE RENEWED IN STRENGTH 1","info","no-banner",""
"36049","2024-12-31","EPISODE 708 - BE RENEWED IN STRENGTH 2","info","no-banner",""
"36068","2025-01-01","EPISODE 709 - THE LORD IS YOUR SPECIAL POSSESSION","info","no-banner",""
"36100","2025-01-03","EPISODE 711 - SPEND TIME WITH THE LORD ","info","no-banner",""
"36124","2025-01-04","EPISODE 712 - PRACTICE LONG FELLOWSHIP TIMES WITH THE LORD","info","no-banner",""
"36144","2025-01-05","EPISODE 713 - CHARGE UP YOURSELF IN FAITH","info","no-banner",""
"36153","2025-01-06","EPISODE 714 - THE INFLUENCE OF THE SPIRIT","info","no-banner",""
"36172","2025-01-07","EPISODE 715 - ENLARGE YOUR CAPACITY","info","no-banner",""
"36181","2025-01-08","EPISODE 716 - PRODUCE KINGDOM RESULTS","info","no-banner",""
"36190","2025-01-09","EPISODE 717 - PRODUCE KINGDOM RESULTS 2 — Contend for the Results 1","info","no-banner",""
"36209","2025-01-10","EPISODE 718 - PRODUCE KINGDOM RESULTS 3 — Contend for the Results 2","info","no-banner",""
"36230","2025-01-11","EPISODE 719 - PRODUCE KINGDOM RESULTS 4","info","no-banner",""
"36245","2025-01-12","EPISODE 720 - PRODUCE KINGDOM RESULTS 5","info","no-banner",""
"36259","2025-01-13","EPISODE 721 - PRODUCE KINGDOM RESULTS 6 – BE PART OF GOD'S MIGHTY MEN IN YOUR GE","info","no-banner",""
"36288","2025-01-14","EPISODE 722 - PRODUCE KINGDOM RESULTS 7 — Remain In Life-Union with the LORD","info","no-banner",""
"36304","2025-01-15","EPISODE 723 - FOLLOW THE LORD","info","no-banner",""
"36339","2025-01-16","EPISODE 724 - DON'T BE QUIET!","info","no-banner",""
"36351","2025-01-17","EPISODE 725 - MAKE THE LORD FAMOUS","info","no-banner",""
"36368","2025-01-18","EPISODE 726 - DON'T ENVY NOR BE INTIMIDATED BY THE WORLD 1","info","no-banner",""
"36384","2025-01-19","EPISODE 727 - DON'T ENVY NOR BE INTIMIDATED BY THE WORLD 2","info","no-banner",""
"36412","2025-01-20","EPISODE 728 - WISDOM KEYS FROM PSALM 37 — DON'T ENVY THE WICKED 3","info","no-banner",""
"36435","2025-01-21","EPISODE 729 - WISDOM KEYS FROM PSALM 37 — DON'T ENVY THE WICKED 4 – You have For","info","no-banner",""
"36454","2025-01-22","EPISODE 730 - WISDOM KEYS FROM PSALM 37 — DON'T ENVY THE WICKED 5 – You have Ete","info","no-banner",""
"36498","2025-01-23","EPISODE 731 - WISDOM KEYS FROM PSALM 37 — DON'T ENVY THE WICKED 6 – You Have a P","info","no-banner",""
"36529","2025-01-24","EPISODE 732 - WISDOM KEYS FROM PSALM 37 — DON'T ENVY THE WICKED – You have a Pea","info","no-banner",""
"36547","2025-01-25","EPISODE 733 - GREATNESS RESPONDS TO GREAT CAPACITY ","info","no-banner",""
"36577","2025-01-26","EPISODE 734 - THE MINDSET OF THE ANOINTED 1","info","no-banner",""
"36587","2025-01-27","EPISODE 735 - THE MINDSET OF THE ANOINTED 2","info","no-banner",""
"36602","2025-01-28","EPISODE 736 - THE MINDSET OF THE ANOINTED 3","info","no-banner",""
"36641","2025-01-29","EPISODE 737 - THE MINDSET OF THE ANOINTED 4 — MISSION ORIENTED","info","no-banner",""
"36681","2025-01-30","EPISODE 738 - THE MINDSET OF THE ANOINTED 5 — FOCUS MINDED","info","no-banner",""
"36719","2025-01-31","EPISODE 739 - PRAY FOR OTHER SAINTS","info","no-banner",""
"36736","2025-02-01","EPISODE 740 - DON'T LIVE AS AN IMPERFECT VESSEL","info","no-banner",""
"36749","2025-02-02","EPISODE 741 - SUBMIT TO YOUR SHEPHERD ","info","no-banner",""
"36762","2025-02-03","EPISODE 742 - LAVISHNESS OF GOD 1","info","no-banner",""
"36773","2025-02-04","EPISODE 743 - LAVISHNESS OF GOD 2","info","no-banner",""
"36825","2025-02-05","EPISODE 744 - LAVISHNESS OF GOD 3","info","no-banner",""
"36847","2025-02-06","EPISODE 745 - LAVISHNESS OF GOD 4","info","no-banner",""
"36929","2025-02-08","EPISODE 747 - GO FOR THE KNOWLEDGE OF THE WORD","info","no-banner",""
"36943","2025-02-09","EPISODE 748 - THE MATTER OF SONSHIP","info","no-banner",""
"36967","2025-02-10","EPISODE 749 - SHOW FORTH THE EXCELLENCIES OF GOD","info","no-banner",""
"37001","2025-02-11","EPISODE 750 - TRUE GODLINESS","info","no-banner",""
"37013","2025-02-12","EPISODE 751 - KEEP YOUR EYES ON THE GOAL","info","no-banner",""
"37022","2025-02-13","EPISODE 752 - BE CONTROLLED FROM WITHIN","info","no-banner",""
"37044","2025-02-14","EPISODE 753 - GOD DOESN'T PUSH YOU AROUND","info","no-banner",""
"37044","2025-02-14","EPISODE 753 - GOD DOESN'T PUSH YOU AROUND","info","no-memory-verse",""
"37058","2025-02-15","EPISODE 754 - HIS GOAL IS NOT FOR YOUR REVERENCE","info","no-banner",""
"37068","2025-02-16","EPISODE 755 - YOU ARE NOT POOR","info","no-banner",""
"37088","2025-02-17","EPISODE 756 - BREAK OUT","info","no-banner",""
"37101","2025-02-18","EPISODE 757 - BE HELPFUL 1","info","no-banner",""
"37120","2025-02-19","EPISODE 758 - BE HELPFUL 2","info","no-banner",""
"37139","2025-02-20","EPISODE 759 - EDIFY YOURSELF 1","info","no-banner",""
"37166","2025-02-21","EPISODE 760 - HE HAS GIVEN YOU HIS REST","info","no-banner",""
"37189","2025-02-22","EPISODE 761 - DON'T BE DULL IN SPIRIT","info","no-banner",""
"37205","2025-02-23","EPISODE 762 - MAKE THE MOST OF EVERY OPPORTUNITY","info","no-banner",""
"37216","2025-02-24","EPISODE 763 - REFUSE TO FEAR ANY EVIL","info","no-banner",""
"37235","2025-02-25","EPISODE 764 - EDIFY YOURSELF 2","info","no-banner",""
"37277","2025-02-26","EPISODE 765 - BE FULLY CHARGED AND RECHARGED","info","no-banner",""
"37330","2025-02-27","EPISODE 766 - ABOVE ALL ELSE GUARD YOUR HEART","info","no-banner",""
"37361","2025-02-28","EPISODE 767 - PRAY FOR YOUR LEADER","info","no-banner",""
"37384","2025-03-01","EPISODE 768 - DESIRE TO GROW IN KNOWLEDGE","info","no-banner",""
"37408","2025-03-02","EPISODE 769 - LIVE IN HIS REST","info","no-banner",""
"37410","2025-03-03","EPISODE 770 - FOLLOW HIS EXAMPLE","info","no-banner",""
"37436","2025-03-04","EPISODE 771 - THE PRIMARY ASSIGNMENT 1","info","no-banner",""
"37451","2025-03-05","EPISODE 772 - THE PRIMARY ASSIGNMENT 2","info","no-banner",""
"37473","2025-03-06","EPISODE 773 - DON'T TAKE ""NO"" AS AN ANSWER","info","no-banner",""
"37486","2025-03-07","EPISODE 774 - RUN TOWARDS YOUR GOAL","info","no-banner",""
"37499","2025-03-08","EPISODE 775 - ARE YOU STRIVING FOR HUMAN APPLAUSE?","info","no-banner",""
"37521","2025-03-09","EPISODE 776 - GO ALL OUT FOR JESUS","info","no-banner",""
"37541","2025-03-10","EPISODE 777 - THE CALMNESS OF THE LORD’S COMING","info","no-banner",""
"37553","2025-03-11","EPISODE 778 - BE WATCHFUL AS THE LORD COMES 1","info","no-banner",""
"37567","2025-03-12","EPISODE 779 - BE WATCHFUL AS THE LORD COMES 2","info","no-banner",""
"37637","2025-03-14","EPISODE 781 - THE BELIEVER'S SOBRIETY 2","info","no-banner",""
"37654","2025-03-15","EPISODE 782 - STAY ALERT AND DON'T GIVE IN! ","info","no-banner",""
"37675","2025-03-16","EPISODE 783 - STAY LONG, DON'T RUSH!","info","no-banner",""
"37695","2025-03-17","EPISODE 784 - DON'T STAY AT THE LEVEL YOU ARE","info","no-banner",""
"37757","2025-03-18","EPISODE 785 - THE BELIEVER'S THREEFOLD CORD ARMOR 1","info","no-banner",""
"37821","2025-03-19","EPISODE 786 - THE BREASTPLATE OF FAITH AND LOVE - THE BELIEVER'S THREEFOLD CORD ","info","no-banner",""
"37837","2025-03-20","EPISODE 787 - THE BREASTPLATE OF FAITH AND LOVE 2 - THE BELIEVER'S THREEFOLD COR","info","no-banner",""
"37847","2025-03-21","EPISODE 788 - THE HOPE OF SALVATION - THE BELIEVER’S THREEFOLD CORD ARMOR 4","info","no-banner",""
"37859","2025-03-22","EPISODE 789 - THE HOPE OF SALVATION 2 – THE BELIEVER’S THREEFOLD CORD ARMOR 5","info","no-banner",""
"37870","2025-03-23","EPISODE 790 - YIELD TO PRAYER","info","no-banner",""
"37890","2025-03-24","EPISODE 791 - THE HOPE OF SALVATION FROM THE SLAVERY OF CORRUPTION","info","no-banner",""
"37929","2025-03-25","EPISODE 792 - THE HOPE OF SALVATION FROM THE COMING DESTRUCTION","info","no-banner",""
"37967","2025-03-26","EPISODE 793 - THE CLIMAX OF SALVATION 1","info","no-banner",""
"37988","2025-03-27","EPISODE 794 - THE CLIMAX OF SALVATION 2 – HIS SUFFERING 1","info","no-banner",""
"38026","2025-03-28","EPISODE 795 - THE CLIMAX OF SALVATION 3 – HIS SUFFERING 2","info","no-banner",""
"38044","2025-03-29","EPISODE 796 - YOUR GIVING IS NOT IN VAIN","info","no-banner",""
"38055","2025-03-30","EPISODE 797 - GOD TAKES SPECIAL DELIGHTS IN GIVERS","info","no-banner",""
"38076","2025-03-31","EPISODE 798 - THE CLIMAX OF SALVATION 4 –  TOGETHER WITH THE LORD","info","no-banner",""
"38085","2025-04-01","EPISODE 799 - BE CONSCIOUS OF HIS PRESENCE ","info","no-banner",""
"38105","2025-04-02","EPISODE 800 - PRACTICE HIS PRESENCE","info","no-banner",""
"38174","2025-04-03","EPISODE 801 - NOW COMFORT AND EDIFY ONE ANOTHER WITH THIS 1","info","no-banner",""
"38206","2025-04-04","EPISODE 802 - NOW COMFORT AND EDIFY ONE ANOTHER WITH THIS 2","info","no-banner",""
"38242","2025-04-05","EPISODE 803 - NOW COMFORT AND EDIFY ONE ANOTHER WITH THIS 3","info","no-banner",""
"38290","2025-04-06","EPISODE 804 - BURN WITH ZEAL FOR GOD'S ASSIGNMENT","info","no-banner",""
"38310","2025-04-07","EPISODE 805 - HEAR AND RESPOND TO HIS VOICE","info","no-banner",""
"38329","2025-04-08","EPISODE 806 - APPRECIATE AND HONOUR YOUR LEADERS 1","info","no-banner",""
"38381","2025-04-09","EPISODE 807 - APPRECIATE AND HONOUR YOUR LEADERS 2","info","no-banner",""
"38417","2025-04-10","EPISODE 808 - WHY HONOUR YOUR LEADERS","info","no-banner",""
"38442","2025-04-11","EPISODE 809 - PRACTICAL WAYS TO HONOUR YOUR LEADERS – Esteem Your Leader Highly ","info","no-banner",""
"38489","2025-04-12","EPISODE 810 - PRACTICAL WAYS TO HONOUR YOUR LEADERS – Esteem Your Leader Highly ","info","no-banner",""
"38510","2025-04-13","EPISODE 811 - PRACTICAL WAYS TO HONOUR YOUR LEADERS 3 – Obey them 1","info","no-banner",""
"38540","2025-04-14","EPISODE 812 - PRACTICAL WAYS TO HONOUR YOUR LEADERS 4 – Receive them with Joy","info","no-banner",""
"38620","2025-04-15","EPISODE 813 - PRACTICAL WAYS TO HONOUR YOUR LEADERS 5 – Receive them with Joy 2","info","no-banner",""
"38651","2025-04-16","EPISODE 814 - ATTEMPT SOMETHING GREAT FOR THE LORD","info","no-banner",""
"38667","2025-04-17","EPISODE 815 - BE DETERMINED TO RUN TO FINISH","info","no-banner",""
"38693","2025-04-18","EPISODE 816 - WHERE IS YOUR STRENGTH?","info","no-banner",""
"38704","2025-04-19","EPISODE 817 - ARE YOU INTENTIONAL ABOUT YOUR GROWTH IN THE LORD?","info","no-banner",""
"38715","2025-04-20","EPISODE 818 - INCREASE IN WISDOM","info","no-banner",""
"38728","2025-04-21","EPISODE 819 - ARE YOU A MIGHTY MAN?","info","no-banner",""
"38745","2025-04-22","EPISODE 820 - MANIFEST HIS GLORY","info","no-banner",""
"38760","2025-04-23","EPISODE 821 - IT STARTS FROM YOUR HEART","info","no-banner",""
"38778","2025-04-24","EPISODE 822 - WHAT ARE YOU DOING WITH YOUR FAITH?","info","no-banner",""
"38789","2025-04-25","EPISODE 823 - YOUR COMMUNICATION MATTERS","info","no-banner",""
"38807","2025-04-26","EPISODE 824 - BE HUMBLE AT ALL TIMES","info","no-banner",""
"38830","2025-04-27","EPISODE 825 - WHAT ARE YOU BOILING FOR?","info","no-banner",""
"38845","2025-04-28","EPISODE 826 - YOU ARE A BLESSED MAN","info","no-banner",""
"38854","2025-04-29","EPISODE 827 - YOUR SEASON OF EXALTATION IS HERE","info","no-banner",""
"39002","2025-04-30","EPISODE 828 - DON'T FORGET","info","no-banner",""
"39050","2025-05-02","EPISODE 829 - LEAD YOUR SPHERE 1","info","no-banner",""
"39064","2025-05-02","EPISODE 830 - BE THOU AN EXAMPLE","info","no-banner",""
"39076","2025-05-03","EPISODE 831 - LIVE AS ONE SENT BY GOD TO LEAD HIS GENERATION","info","no-banner",""
"39090","2025-05-04","EPISODE 832 - DON'T MAKE EXCUSES","info","no-banner",""
"39090","2025-05-04","EPISODE 832 - DON'T MAKE EXCUSES","warn","very-long-paragraph","1553 chars: “This High Priest of ours understands our weaknesses…” Hebrews 4:15 (N…"
"39101","2025-05-05","EPISODE 833 - THERE IS NO SUCCESS IN PROCRASTINATION","info","no-banner",""
"39128","2025-05-06","EPISODE 834 - EVERY LEADER MUST LEARN TO FIGHT 1","info","no-banner",""
"39140","2025-05-07","EPISODE 835 - BREAK FREE FROM ALL LIMITATIONS 1","info","no-banner",""
"39151","2025-05-08","EPISODE 836 - BREAK FREE FROM ALL LIMITATIONS 2","info","no-banner",""
"39165","2025-05-09","EPISODE 837 - BREAK FREE FROM LOW SELF-REGARD AND INSECURITIES 1 — BREAK FREE FR","info","no-banner",""
"39179","2025-05-10","EPISODE 838 - BREAK FREE FROM LOW SELF-REGARD AND INSECURITIES 2 — BREAK FREE FR","info","no-banner",""
"39219","2025-05-11","EPISODE 839 - HONOUR YOUR FATHER AND MOTHER","info","no-banner",""
"39229","2025-05-12","EPISODE 840 - ARE YOU ASHAMED OF THE GOSPEL OF CHRIST?","info","no-banner",""
"39253","2025-05-13","EPISODE 841 - UNDERSTANDING THE GOSPEL 1","info","no-banner",""
"39274","2025-05-14","EPISODE 842 - UNDERSTANDING THE GOSPEL 2 — THE COMMUNICATION OF GOD'S ETERNAL IN","info","no-banner",""
"39289","2025-05-15","EPISODE 843 - UNDERSTANDING THE GOSPEL 3 - THE GOSPEL IS THE REVELATION OF JESUS","info","no-banner",""
"39311","2025-05-16","EPISODE 844 - THE GOSPEL TRANSFORMS","info","no-banner",""
"39341","2025-05-17","EPISODE 845 - YOUR CUP WILL NEVER RUN DRY","info","no-banner",""
"39359","2025-05-18","EPISODE 846 - PERSEVERE IN PRAYER FOR RESULTS","info","no-banner",""
"39374","2025-05-19","EPISODE 847 - THE GOODNEWS OF GRACE IN AN EVIL WORLD 1","info","no-banner",""
"39389","2025-05-20","EPISODE 848 - THE GOODNEWS OF GRACE IN AN EVIL WORLD 2","info","no-banner",""
"39412","2025-05-21","EPISODE 849 - TURN TO GOD — AND BEHOLD HIS HELP","info","no-banner",""
"39429","2025-05-22","EPISODE 850 - YOU HAVE TO MAKE A DECISION","info","no-banner",""
"39448","2025-05-23","EPISODE 851 - UNDERSTANDING SALVATION AND REPENTANCE 1","info","no-banner",""
"39457","2025-05-24","EPISODE 852 - UNDERSTANDING SALVATION AND REPENTANCE 2","info","no-banner",""
"39469","2025-05-25","EPISODE 853 - WHAT DO YOU HAVE THAT GOD DID NOT GIVE YOU?","info","no-banner",""
"39490","2025-05-26","EPISODE 854 - UNDERSTANDING SALVATION AND REPENTANCE 3","info","no-banner",""
"39508","2025-05-27","EPISODE 855 - YOU NEED A TEACHER","info","no-banner",""
"39544","2025-05-28","EPISODE 856 - UNDERSTANDING GODLY SORROW IN REPENTANCE 1","info","no-banner",""
"39570","2025-05-29","EPISODE 857 - UNDERSTANDING GODLY SORROW IN REPENTANCE 2","info","no-banner",""
"39577","2025-05-30","EPISODE 858 - DON'T PERMIT ANYONE TO PERISH","info","no-banner",""
"39608","2025-05-31","EPISODE 859 - ARE YOU HIDING FROM GOD?","info","no-banner",""
"39627","2025-06-01","EPISODE 860 - ""SEEK YE FIRST""","info","no-banner",""
"39649","2025-06-02","EPISODE 861 - BE SATISFIED BY THE LORD JESUS HIMSELF","info","no-banner",""
"39698","2025-06-03","EPISODE 862 - STAY WITH THE LORD","info","no-banner",""
"39715","2025-06-04","EPISODE 863 - YOU ARE CALLED INTO FELLOWSHIP","info","no-banner",""
"39728","2025-06-05","EPISODE 864 - IT IS BY THE STRENGTH OF GOD","info","no-banner",""
"39746","2025-06-06","EPISODE 865 - WHAT A JOY AND PRIVILEGE!","info","no-banner",""
"39763","2025-06-07","EPISODE 866 - DO YOU HAVE THE RIGHT MOTIVE?","info","no-banner",""
"39778","2025-06-08","EPISODE 867 - BE CONSCIOUS OF YOUR PROSPERITY","info","no-banner",""
"39795","2025-06-09","EPISODE 868 - DARKNESS CANNOT PUT OUT THE BLAZING LIFE-LIGHT!","info","no-banner",""
"39819","2025-06-10","EPISODE 869 - LET NOTHING MOVE YOU AWAY FROM THE CHURCH","info","no-banner",""
"39835","2025-06-11","EPISODE 870 - MAKE MINISTRY SMOOTH FOR YOUR MAN OF GOD","info","no-banner",""
"39854","2025-06-12","EPISODE 871 - NEVER FORGET THESE HEADLINES OF THE GOSPEL","info","no-banner",""
"39869","2025-06-13","EPISODE 872 - GOD IS FAITHFUL TO KEEP YOU","info","no-banner",""
"39875","2025-06-14","EPISODE 873 - DON'T WORRY ABOUT YOUR FUTURE","info","no-banner",""
"39883","2025-06-15","EPISODE 874 - THIS IS THE WAY OUT","info","no-banner",""
"39914","2025-06-16","EPISODE 875 - RELEASE SWEETNESS TO YOUR SOUL","info","no-banner",""
"39940","2025-06-17","EPISODE 876 - YOUR VALUE NEVER DECREASES","info","no-banner",""
"39962","2025-06-18","EPISODE 877 - HIS LOVE FOR YOU IS UNFAILING","info","no-banner",""
"39962","2025-06-18","EPISODE 877 - HIS LOVE FOR YOU IS UNFAILING","warn","no-declarations",""
"39895","2025-06-19","EPISODE 878 - BE A HELPER","info","no-banner",""
"40004","2025-06-20","EPISODE 879 - PROFIT FROM TRIALS","info","no-banner",""
"40023","2025-06-21","EPISODE 880 - LIVE BY THE DOMINION OF RIGHTEOUSNESS IN YOU","info","no-banner",""
"40044","2025-06-22","EPISODE 881 - YOU ARE FAR ABOVE","info","no-banner",""
"40056","2025-06-23","EPISODE 882 - STAND IN THE GAP","info","no-banner",""
"40071","2025-06-24","EPISODE 883 - ARE YOU AN ETERNAL SHINING STAR IN THE KINGDOM?","info","no-banner",""
"40094","2025-06-25","EPISODE 884 - THIS SHOULD ALWAYS BE YOUR RESPONSE","info","no-banner",""
"40122","2025-06-26","EPISODE 885 - THE LORD IS WILLING","info","no-banner",""
"40131","2025-06-27","EPISODE 886 - TAKE THE WORD AS IT IS","info","no-banner",""
"40139","2025-06-28","EPISODE 887 - HIS LOVE COMPELS US","info","no-banner",""
"40152","2025-06-29","EPISODE 888 - PRACTICE YOUR GRATITUDE TOWARDS THE LORD","info","no-banner",""
"40164","2025-06-30","EPISODE 889 - FUNCTION IN WISDOM","info","no-banner",""
"40178","2025-07-01","EPISODE 890 - MATURE INTO CHRIST","info","no-banner",""
"40191","2025-07-02","EPISODE 891 - ENJOY DIVINE INTERVENTION","info","no-banner",""
"40215","2025-07-03","EPISODE 892 - VALUE THE WORD OF GOD","info","no-banner",""
"40228","2025-07-04","EPISODE 893 - YOU WILL BE CONFRONTED BY TRIAL","info","no-banner",""
"40237","2025-07-05","EPISODE 894 - YOUR LOVE-LIFE IN CHRIST MAKES ALL THE DIFFERENCE","info","no-banner",""
"40249","2025-07-06","EPISODE 895 - THE LORD IS HERE TO HELP YOU","info","no-banner",""
"40262","2025-07-07","EPISODE 896 - ...BY THE LOVE OF CHRIST","info","no-banner",""
"40274","2025-07-08","EPISODE 897 - THE REALITY OF GREATNESS","info","no-banner",""
"40282","2025-07-09","EPISODE 898 - STAY IN THE CHURCH","info","no-banner",""
"40309","2025-07-10","EPISODE 899 - A GREAT SECRET TO MULTIPLY GRACE","info","no-banner",""
"40336","2025-07-11","EPISODE 900 - THE GREAT EXAMPLE OF JESUS","info","no-banner",""
"40366","2025-07-12","EPISODE 901 - WHAT DO YOU SEEK TO ADVANCE?","info","no-banner",""
"40391","2025-07-13","EPISODE 902 - FOCUS ON THE KINGDOM","info","no-banner",""
"40393","2025-07-14","EPISODE 903 - KINGDOM REPUTATION 1","info","no-banner",""
"40406","2025-07-15","EPISODE 904 - KINGDOM REPUTATION 2","info","no-banner",""
"40437","2025-07-16","EPISODE 905 - GOD HAS CALLED YOU FOR THIS REASON","info","no-banner",""
"40450","2025-07-17","EPISODE 906 - DON'T WATER DOWN THE GOSPEL","info","no-banner",""
"40456","2025-07-18","EPISODE 907 - DON'T MOVE AWAY FROM THE GOSPEL ","info","no-banner",""
"40473","2025-07-19","EPISODE 908 - ESTEEM THIS ABOVE ANY OTHER CALLING","info","no-banner",""
"40674","2025-07-20","EPISODE 909 - INCREASE THE INFLUENCE OF THE HOLY SPIRIT OVER YOU","info","no-banner",""
"40765","2025-07-21","EPISODE 910 - HOLD ON TO THE WORD OF GOD","info","no-banner",""
"41009","2025-07-22","EPISODE 911 - STORE UP THE WORD IN YOUR HEART","info","no-banner",""
"41027","2025-07-23","EPISODE 912 - BE INSPIRED BY FAITH","info","no-banner",""
"41049","2025-07-24","EPISODE 913 - ALLOW THE SCRIPTURES TO TRAIN YOU","info","no-banner",""
"41105","2025-07-25","EPISODE 914 - ARE YOU HELPING OR ARE YOU MAKING THINGS WORSE?","info","no-banner",""
"41296","2025-07-26","EPISODE 915 - TAKE YOUR PLACE AND BE A BLESSING","info","no-banner",""
"41314","2025-07-27","EPISODE 916 - DO YOU PRAY FOR YOUR LEADER?","info","no-banner",""
"41350","2025-07-28","EPISODE 917 - ARE YOU SHARING IN GOD'S DESIRE?","info","no-banner",""
"41496","2025-07-29","EPISODE 918 - BE SOBER-MINDED","info","no-banner",""
"41551","2025-07-30","EPISODE 919 - DON'T ISOLATE YOUR EMOTIONS","info","no-banner",""
"41748","2025-07-31","EPISODE 920 - DON'T HARDEN YOUR HEART TO THE WORD","info","no-banner",""
"41961","2025-08-01","EPISODE 921 - BE DARING IN FAITH","info","no-banner",""
"42112","2025-08-02","EPISODE 922 - CHRIST STRENGTHENS YOU","info","no-banner",""
"42171","2025-08-03","EPISODE 923 - YOU HAVE THE STRENGTH OF GOD","info","no-banner",""
"42125","2025-08-04","EPISODE 924 - GREAT FAITH ACKNOWLEDGES THE POWER AND AUTHORITY OF JESUS","info","no-banner",""
"42148","2025-08-05","EPISODE 925 - REFUSE TO BE DISCOURAGED ","info","no-banner",""
"42183","2025-08-06","EPISODE 926 - DARE TO BE COURAGEOUS","info","no-banner",""
"42195","2025-08-07","EPISODE 927 - EXERCISE BOLDNESS IN THE LORD","info","no-banner",""
"42252","2025-08-08","EPISODE 928 - THIS IS THE MESSAGE WE PREACH","info","no-banner",""
"42263","2025-08-09","EPISODE 929 - PRAYER IS AN ENFORCEMENT","info","no-banner",""
"42288","2025-08-10","EPISODE 930 - WISDOM IS THE PRINCIPAL THING","info","no-banner",""
"42298","2025-08-11","EPISODE 931 - THE FIRST PROFOUND QUESTION – WHERE ARE YOU?","info","no-banner",""
"42323","2025-08-12","EPISODE 932 - DON'T BE SWAYED AWAY","info","no-banner",""
"42343","2025-08-13","EPISODE 933 - THE FIRST PROFOUND QUESTION – WHERE ARE YOU? 2","info","no-banner",""
"42335","2025-08-14","EPISODE 934 - GO BEYOND THE SHORES","info","no-banner",""
"42389","2025-08-15","EPISODE 935 - HE WILL SHOW YOU MYSTERIES","info","no-banner",""
"42405","2025-08-16","EPISODE 936 - PRAYER CHANGES YOU","info","no-banner",""
"42417","2025-08-17","EPISODE 937 - THE FIRST PROFOUND QUESTION – WHERE ARE YOU? 3","info","no-banner",""
"42986","2025-08-18","EPISODE 938 - FAITH IS THE REAL DEAL","info","no-banner",""
"42445","2025-08-19","EPISODE 939 - DON'T BE DISTRACTED","info","no-banner",""
"42445","2025-08-19","EPISODE 939 - DON'T BE DISTRACTED","warn","very-long-paragraph","1562 chars: “good” and not the “worst”. Genuine family situations or career choice…"
"42464","2025-08-20","EPISODE 940 - HAVE YOU SUBMITTED?","info","no-banner",""
"42478","2025-08-21","EPISODE 941 - KINGS WILL COME TO YOUR RISING","info","no-banner",""
"42489","2025-08-22","EPISODE 942 - LIVE AND ENJOY TODAY","info","no-banner",""
"42509","2025-08-23","EPISODE 943  - HAVE YOU BROKEN YOUR ALABASTER BOX?","info","no-banner",""
"42525","2025-08-24","EPISODE 944 - YOU CAN'T RISE WITH LAZINESS","info","no-banner",""
"42539","2025-08-25","EPISODE 945 - FRUIT OF GENEROSITY 1 — INTRODUCTION","info","no-banner",""
"42556","2025-08-26","EPISODE 946 - TRAIN YOUR MIND TO SEE THE RIGHT RESULTS","info","no-banner",""
"42568","2025-08-27","EPISODE 947 - FRUIT OF GENEROSITY 2","info","no-banner",""
"42627","2025-08-28","EPISODE 948 - FRUIT OF GENEROSITY 3","info","no-banner",""
"42639","2025-08-29","EPISODE 949 - FRUIT OF GENEROSITY 4","info","no-banner",""
"42666","2025-08-31","EPISODE 950 - YOU ARE A CHILD OF OBEDIENCE","info","no-banner",""
"42689","2025-08-31","EPISODE 951 - MORE AND MORE GRACE","info","no-banner",""
"42689","2025-08-31","EPISODE 951 - MORE AND MORE GRACE","warn","no-declarations",""
"42712","2025-09-01","EPISODE 952 - THE LIBERATING POWER OF READING THE WORD","info","no-banner",""
"42734","2025-09-02","EPISODE 953 - WHAT ARE YOU HEARING?","info","no-banner",""
"42751","2025-09-03","EPISODE 954 - WE HEARD THE SPIRIT INTO US","info","no-banner",""
"42766","2025-09-04","EPISODE 955 - WORK THE WORD INTO YOU","info","no-banner",""
"42786","2025-09-05","EPISODE 956 - DON'T DELAY","info","no-banner",""
"42786","2025-09-05","EPISODE 956 - DON'T DELAY","warn","no-bible-plans",""
"42799","2025-09-06","EPISODE 957 - LET NOTHING KEEP YOU AT A DISTANCE FROM GOD 1","info","no-banner",""
"42873","2025-09-07","EPISODE 958 - DON'T ALLOW YOUR EMOTIONS TO LEAD YOU","info","no-banner",""
"42896","2025-09-08","EPISODE 959 - YOU HAVE A BLESSED LIFE","info","no-banner",""
"42913","2025-09-09","EPISODE 960 - TRUE DISCIPLESHIP","info","no-banner",""
"42935","2025-09-10","EPISODE 961 - DON'T BE QUIET, SPEAK FORTH THE WORD","info","no-banner",""
"42946","2025-09-11","EPISODE 962 - PRAYING FOR GOD'S PEOPLE","info","no-banner",""
"42960","2025-09-12","EPISODE 963 - OUR CORE MANDATE IS RECONCILIATION","info","no-banner",""
"42973","2025-09-13","EPISODE 694 - BE FULL OF THE WORD","info","no-banner",""
"42802","2025-09-15","EPISODE 965 - HE IS YOUR STRENGTH","info","no-banner",""
"42856","2025-09-16","EPISODE 966 - REFUSE TO REMAIN WHERE YOU ARE","info","no-banner",""
"43027","2025-09-17","EPISODE 967 - PESERVERE AS A GOOD SOLDIER ","info","no-banner",""
"43007","2025-09-18","EPISODE 968 - DON'T SETTLE FOR LESS","info","no-banner",""
"43032","2025-09-20","EPISODE 969 - EXPECT OPPOSITIONS","info","no-banner",""
"43042","2025-09-20","EPISODE 970 - THE BEST COMES OUT OF YOU","info","no-banner",""
"43061","2025-09-21","EPISODE 971 - YOU ARE A LIFE DISPENSER","info","no-banner",""
"43081","2025-09-23","EPISODE 973 - DISPENSE LIFE THROUGH YOUR WORDS","info","no-banner",""
"43083","2025-09-24","EPISODE 974 - SPEAK BLESSINGS","info","no-banner",""
"43086","2025-09-26","EPISODE 975 - GUARD YOUR WORDS AS A SKILFUL POET","info","no-banner",""
"43471","2025-10-10","EPISODE 991 - THE RIGHTEOUSNESS OF GOD REVEALED","info","no-banner",""
"43471","2025-10-10","EPISODE 991 - THE RIGHTEOUSNESS OF GOD REVEALED","info","no-memory-verse",""
"43459","2025-10-11","EPISODE 992 - GROW IN THE SPIRIT","info","no-banner",""
"43443","2025-10-12","EPISODE 993 - YOU ARE CULTIVATED BY YOUR COMMUNION WITH THE LORD","info","no-banner",""
"43319","2025-10-13","EPISODE 994 - DON'T EVER STOP","info","no-banner",""
"43310","2025-10-14","EPISODE 995 - DON'T ENTERTAIN DISCOURAGEMENT","info","no-banner",""
"43310","2025-10-14","EPISODE 995 - DON'T ENTERTAIN DISCOURAGEMENT","warn","no-bible-plans",""
"43302","2025-10-15","EPISODE 996 - LOOK AT JESUS","info","no-banner",""
"43292","2025-10-16","EPISODE 997 - YOU CANNOT FULFILL THIS GREAT MANDATE WITHOUT GOD","info","no-banner",""
"43284","2025-10-17","EPISODE 998 - PREVAIL BY THE STRENGTH OF GOD","info","no-banner",""
"43276","2025-10-18","EPISODE 999 - THE TIME IS NOW","info","no-banner",""
"43274","2025-10-19","EPISODE 1000 - THE NEW WAY OF LIFE","info","no-banner",""
"43365","2025-10-20","EPISODE 1001 - BE ""MARY"" IN A ""MARTHA'S"" WORLD 1","info","no-banner",""
"43377","2025-10-21","EPISODE 1002 - BE ""MARY"" IN A ""MARTHA'S"" WORLD 2","info","no-banner",""
"43408","2025-10-22","EPISODE 1003 - BE ""MARY"" IN A ""MARTHA'S"" WORLD 3","info","no-banner",""
"43479","2025-10-23","EPISODE 1004 - LET YOUR HEART INDITE A GOOD MATTER 1","info","no-banner",""
"43488","2025-10-24","EPISODE 1005 - LET YOUR HEART INDITE A GOOD MATTER 2","info","no-banner",""
"43494","2025-10-25","EPISODE 1006 - LET YOUR HEART INDITE A GOOD MATTER 3","info","no-banner",""
"43118","2025-10-26","EPISODE 1007 - YOU ARE SPECIAL IN GOD'S SIGHT","info","no-banner",""
"43536","2025-10-27","EPISODE 1008 - RULE OVER ADVERSITY","info","no-banner",""
"43544","2025-10-28","EPISODE 1009 - GOD DEALS WITH YOUR CORE CHALLENGE","info","no-banner",""
"43571","2025-10-29","EPISODE 1010 - LIFE IS SPIRITUAL","info","no-banner",""
"43584","2025-10-30","EPISODE 1011 - HOW TO BE WHOLE OF ANY PLAGUE 1","info","no-banner",""
"43612","2025-10-31","EPISODE 1012 - HOW TO BE WHOLE OF ANY PLAGUE 2","info","no-banner",""
"43645","2025-11-01","EPISODE 1013 - FAITH REQUIRES AN AUDACIOUS POSTURE","info","no-banner",""
"43714","2025-11-02","EPISODE 1014 - LIVING UNTO HIS GLORY","info","no-banner",""
"43706","2025-11-03","EPISODE 1015 - HOW TO BE WHOLE OF ANY PLAGUE 3","info","no-banner",""
"43706","2025-11-03","EPISODE 1015 - HOW TO BE WHOLE OF ANY PLAGUE 3","warn","very-long-paragraph","1766 chars: She understood Malachi 4:2 , ""But for you who fear my name, the Sun of…"
"43727","2025-11-04","EPISODE 1016 - LIVE ABOVE FACTS","info","no-banner",""
"43744","2025-11-05","EPISODE 1017 - GREAT FAITH IS BY THE REVELATION OF JESUS","info","no-banner",""
"44752","2025-11-06","EPISODE 1018 - THE FOUNDATION OF THE CHURCH","info","no-banner",""
"44777","2025-11-07","EPISODE 1019 - STOP ACTING LIKE A CIVILIAN","info","no-banner",""
"44796","2025-11-08","EPISODE 1020 - DESIRE TO KNOW THE LORD","info","no-banner",""
"44796","2025-11-08","EPISODE 1020 - DESIRE TO KNOW THE LORD","warn","no-bible-plans",""
"44806","2025-11-09","EPISODE 1021 - THE CODE OF PRIESTHOOD","info","no-banner",""
"44815","2025-11-10","EPISODE 1022 - NO MATTER THE STORM, TAKE HOLD OF THE LORD","info","no-banner",""
"44875","2025-11-11","EPISODE 1023 - NONE OF THESE THINGS","info","no-banner",""
"44894","2025-11-12","EPISODE 1024 - WHAT ARE YOU KNOWN FOR?","info","no-banner",""
"44906","2025-11-13","EPISODE 1025 - HOW MUCH GRACE CAN YOU TAKE?","info","no-banner",""
"44923","2025-11-14","EPISODE 1026 - FIGHT FOR THE INTEREST OF GOD","info","no-banner",""
"44965","2025-11-15","EPISODE 1027 - DON’T STAY AWAY","info","no-banner",""
"44975","2025-11-16","EPISODE 1028 - BE INTIMATE WITH THE LORD","info","no-banner",""
"44967","2025-11-17","EPISODE 1029 - MAINTAIN INTENSE CONSISTENCY IN PRAYER ","info","no-banner",""
"44991","2025-11-18","EPISODE 1030 - DARE TO DO THE EXTRAORDINARY","info","no-banner",""
"45008","2025-11-19","EPISODE 1031 - ARE YOU A FAITHFUL STEWARD?","info","no-banner",""
"45031","2025-11-20","EPISODE 1032 - DON’T LIVE BEGGING","info","no-banner",""
"45048","2025-11-21","EPISODE 1033 - DON’T RECEIVE THE GRACE OF GOD IN VAIN","info","no-banner",""
"45068","2025-11-22","EPISODE 1034 - BE A PERSON OF HONOR","info","no-banner",""
"45084","2025-11-23","EPISODE 1035 - DIVE DEEPER INTO THE LORD","info","no-banner",""
"45098","2025-11-24","EPISODE 1036 - HOW TO DEAL WITH DISAPPOINTMENT","info","no-banner",""
"45114","2025-11-25","EPISODE 1037 - LET NOTHING OFFEND YOU","info","no-banner",""
"45126","2025-11-26","EPISODE 1038 - ABSOLUTE “GOD-FIDENCE”","info","no-banner",""
"45138","2025-11-27","EPISODE 1039 - LABOUR IN PRAYER FOR YOUR PASTOR","info","no-banner",""
"45175","2025-11-28","EPISODE 1040 - DON’T DESECRATE YOURSELF","info","no-banner",""
"45193","2025-11-29","EPISODE 1041 - …UNSTABLE IN ALL HIS WAYS","info","no-banner",""
"45240","2025-11-30","EPISODE 1042 - DON’T WITHHOLD YOUR RESOURCES","info","no-banner",""
"45212","2025-12-01","EPISODE 1043 - DO YOU FEEL OVERWHELMED?","info","no-banner",""
"45229","2025-12-02","EPISODE 1044 - YOUR SEASON IS HERE","info","no-banner",""
"45249","2025-12-03","EPISODE 1045 - REFUSE TO BE DISTRACTED","info","no-banner",""
"45260","2025-12-04","EPISODE 1046 - GOD IS MERCIFUL","info","no-banner",""
"45271","2025-12-07","EPISODE 1049 - TIME STEWARDSHIP","info","no-banner",""
"45298","2025-12-08","EPISODE 1050 - A CRUCIAL ASSET FOR RELEVANCE","info","no-banner",""
"45315","2025-12-09","EPISODE 1051 - YOUR LIFE IS GOD’S INVESTMENT","info","no-banner",""
"45340","2025-12-10","EPISODE 1052 - BUILD SPIRITUAL MASTERY","info","no-banner",""
"45355","2025-12-11","EPISODE 1053 - EXCUSES ARE FOR THE UNTRAINED","info","no-banner",""
"45355","2025-12-11","EPISODE 1053 - EXCUSES ARE FOR THE UNTRAINED","warn","very-long-paragraph","1553 chars: “This High Priest of ours understands our weaknesses…” Hebrews 4:15 (N…"
"45367","2025-12-12","EPISODE 1054 - HAVE I NOT COMMANDED YOU?","info","no-banner",""
"45378","2025-12-13","EPISODE 1055 - YOUR IMAGINATION INFLUENCES YOUR POSSESSION","info","no-banner",""
"45387","2025-12-14","EPISODE 1056 - THE WISDOM OF HIS COUNSEL","info","no-banner",""
"45403","2025-12-15","EPISODE 1057 - THE WAY OF FAITH","info","no-banner",""
"45414","2025-12-16","EPISODE 1058 - A DESTROYER OF DESTINY","info","no-banner",""
"45414","2025-12-16","EPISODE 1058 - A DESTROYER OF DESTINY","error","href-has-space","the act of the poor.</p><p><a href=""https://withapostlebennie.org/ commonwealthlive/episode-179-dealing-with-laziness/"" "
"45438","2025-12-17","EPISODE 1059 - DISTRACTION IS COSTLY; STAY FOCUSED AND UNDAUNTED","info","no-banner",""
"45428","2025-12-18","EPISODE 1060 - IT’S A WISDOM PROBLEM","info","no-banner",""
"45452","2025-12-19","EPISODE 1061 - OBEY THEM","info","no-banner",""
"45462","2025-12-20","EPISODE 1062 - WHAT IS MORE PRECIOUS THAN WISDOM?","info","no-banner",""
"45475","2025-12-22","EPISODE 1064 - HOW DO YOU RESPOND TO CHALLENGES?","info","no-banner",""
"45481","2025-12-23","EPISODE 1065 - DEALING WITH FEAR AND ANXIETY","info","no-banner",""
"45499","2025-12-24","EPISODE 1066 - HE IS THE CHRIST","info","no-banner",""
"45512","2025-12-25","EPISODE 1067 - THE TESTIMONY OF OUR LORD AND SAVIOR JESUS CHRIST","info","no-banner",""
"45536","2025-12-26","EPISODE 1068 - REJOICE AT THE REVELATION OF JESUS","info","no-banner",""
"45549","2025-12-27","EPISODE 1069 - HE HAS DESTROYED THE DOMINION OF THE DEVIL","info","no-banner",""
"45618","2025-12-28","EPISODE 1070 - …WITH AN OPEN HEART","info","no-banner",""
"45618","2025-12-28","EPISODE 1070 - …WITH AN OPEN HEART","warn","very-long-paragraph","1565 chars: “Old Testament” in the Bible. Note: As I have explained, the Old Testa…"
"45641","2025-12-29","EPISODE 1071 - YOU ARE SUSTAINED FROM WITHIN","info","no-banner",""
"45658","2025-12-30","EPISODE 1072 - WAIT ON THE LORD","info","no-banner",""
"45677","2026-01-06","EPISODE 1079 - YOU HAVE HIS FULLNESS","info","no-banner",""
"45686","2026-01-07","EPISODE 1080 - MAINTAIN A STRONG COMPOSURE","info","no-banner",""
"45692","2026-01-08","EPISODE 1081 - MAKE EACH DAY COUNT","info","no-banner",""
"45704","2026-01-09","EPISODE 1082 - DON’T RUN AWAY FROM PURPOSE","info","no-banner",""
"45720","2026-01-11","EPISODE 1084 - GOD REWARDS DILIGENCE","info","no-banner",""
"45732","2026-01-12","EPISODE 1085 - TAKE THESE CRUCIAL ITEMS SERIOUS","info","no-banner",""
"45732","2026-01-12","EPISODE 1085 - TAKE THESE CRUCIAL ITEMS SERIOUS","info","no-memory-verse",""
"45751","2026-01-13","EPISODE 1086 - A PREREQUISITE FOR GREATNESS","info","no-banner",""
"45773","2026-01-14","EPISODE 1087 - THE PRAYER OF SUPPLICATION","info","no-banner",""
"45787","2026-01-15","EPISODE 1088 - MAKE SUPPLICATION FOR THE SAINTS","info","no-banner",""
"45797","2026-01-16","EPISODE 1089 - UNLOCK THE SECRET TO THE SUPPLY OF MULTIPLIED GRACE","info","no-banner",""
"45821","2026-01-17","EPISODE 1090 - PURSUE THE LION","info","no-banner",""
"45855","2026-01-18","EPISODE 1091 - YOU HAVE A DIFFERENT SPIRIT","info","no-banner",""
"45881","2026-01-19","EPISODE 1092 - EXUDE EXCELLENCE","info","no-banner",""
"45890","2026-01-20","EPISODE 1093 - LOVE NEVER FAILS","info","no-banner",""
"45896","2026-01-21","EPISODE 1094 - ARE YOU ROOTED IN THESE EXPRESSIONS OF LOVE?","info","no-banner",""
"45909","2026-01-22","EPISODE 1095 - THE PROFIT OF WISDOM","info","no-banner",""
"45921","2026-01-23","EPISODE 1096 - LIVE IN REMEMBRANCE OF THESE","info","no-banner",""
"45945","2026-01-24","EPISODE 1097 - THIS IS HOW MERCY WORKS","info","no-banner",""
"45955","2026-01-25","EPISODE 1098 - DO YOU VALUE THE WORD?","info","no-banner",""
"45971","2026-01-26","EPISODE 1099 - THE SUPPLY CENTER OF STRENGTH IS IN YOU","info","no-banner",""
"45982","2026-01-27","EPISODE 1100 - SUPPLY STRENGTH TO YOUR LEADER","info","no-banner",""
"45995","2026-01-28","EPISODE 1101 - YOU CAN DO ALL THINGS","info","no-banner",""
"46014","2026-01-29","EPISODE 1102 - THE SPIRIT OF MIGHT","info","no-banner",""
"46038","2026-01-30","EPISODE 1103 - THE ARM OF FLESH FAILS","info","no-banner",""
"46058","2026-01-31","EPISODE 1104 - YOU CAN GET THE JOB DONE","info","no-banner",""
"46070","2026-02-01","EPISODE 1105 - IT TAKES FIRE","info","no-banner",""
"46084","2026-02-02","EPISODE 1106 - WHAT ARE YOU BURNING FOR?","info","no-banner",""
"46109","2026-02-03","EPISODE 1107 - FERVENT IN SPIRIT","info","no-banner",""
"46126","2026-02-04","EPISODE 1108 - OUR LORD COMETH…","info","no-banner",""
"46144","2026-02-05","EPISODE 1109 - SET THE RIGHT THEME","info","no-banner",""
"46165","2026-02-06","EPISODE 1110 - TWIN FLAMES OF MANIFESTATION","info","no-banner",""
"46183","2026-02-07","EPISODE 1111 - LIFE IS PREDICTABLE","info","no-banner",""
"46197","2026-02-10","EPISODE 1114 - YOU HAVE THE BACKING OF GOD","info","no-banner",""
"46209","2026-02-11","EPISODE 1115 - PURE WISDOM","info","no-banner",""
"46230","2026-02-12","EPISODE 1116 - THE DANGER OF ISOLATION 1","info","no-banner",""
"46245","2026-02-13","EPISODE 1117 - LIVE DAILY IN THIS CONFIDENCE","info","no-banner",""
"46255","2026-02-16","EPISODE 1120 - PUT YOURSELF INTO REMEMBRANCE","info","no-banner",""
"46268","2026-02-17","EPISODE 1121 - DON’T PERMIT ANYONE TO CORRUPT YOU AGAINST THE CHURCH","info","no-banner",""
"46285","2026-02-18","EPISODE 1122 - BE LIKE TITUS","info","no-banner",""
"46298","2026-02-19","EPISODE 1123 - …ONLY THE TEACHINGS OF CHRIST","info","no-banner",""
"46322","2026-02-20","EPISODE 1124 - WHOSE VERDICT OF YOU MATTERS THE MOST?","info","no-banner",""
"46335","2026-02-21","EPISODE 1125 - BE YIELDED AND SUBMISSIVE","info","no-banner",""
"46355","2026-02-23","EPISODE 1127 - FAITH SPEAKS","info","no-banner",""
"46368","2026-02-24","EPISODE 1128 - DEALING WITH LOW SELF-ESTEEM AND INSECURITIES","info","no-banner",""
"46380","2026-02-25","EPISODE 1129 - DON’T ALLOW DARKNESS TO PREVAIL","info","no-banner",""
"46397","2026-02-26","EPISODE 1130 - GREAT FAITH","info","no-banner",""
"46415","2026-02-27","EPISODE 1131 - GIVE NO PLACE TO BITTERNESS","info","no-banner",""
"46437","2026-03-02","EPISODE 1134 - YOU HAVE GOD","info","no-banner",""
"46455","2026-03-03","EPISODE 1135 - YOU ARE GOD’S RESOURCE","info","no-banner",""
"46464","2026-03-04","EPISODE 1136 - CHOOSE THE EXAMPLE OF JESUS","info","no-banner",""
"46484","2026-03-05","EPISODE 1137 - CONCERNING DIVINE HELP","info","no-banner",""
"46484","2026-03-05","EPISODE 1137 - CONCERNING DIVINE HELP","warn","no-bible-plans",""
"46499","2026-03-10","EPISODE 1142 - …HE HIMSELF CARES FOR YOU","info","no-banner",""
"46499","2026-03-10","EPISODE 1142 - …HE HIMSELF CARES FOR YOU","warn","no-bible-plans",""
"46508","2026-03-11","EPISODE 1143 - STAND STRONG IN THE GLORIOUS REVELATION OF JESUS","info","no-banner",""
"46528","2026-03-12","EPISODE 1144 - YOUR LEVEL OF IMPACT IS DEPENDENT ON YOUR LEVEL OF MATURITY","info","no-banner",""
"46547","2026-03-13","EPISODE 1145 - IS THE WORD IN YOUR HEART?","info","no-banner",""
"46582","2026-03-14","EPISODE 1146 - THE ADVERSARY TAKES ADVANTAGE OF YOUR IGNORANCE","info","no-banner",""
"46598","2026-03-15","EPISODE 1147 - FOCUS ON THE VICTORY OF THE LORD","info","no-banner",""
"46563","2026-03-16","EPISODE 1148 - …THE WEAPON IS DECEPTION","info","no-banner",""
"46614","2026-03-17","EPISODE 1149 - GIRD UP YOUR LOINS","info","no-banner",""
"46629","2026-03-18","EPISODE 1150 - OBEY THEM THAT HAVE RULE OVER YOU","info","no-banner",""
"46645","2026-03-19","EPISODE 1151 - LOOK AWAY FROM YOUR WEAKNESSES AND FAILURES","info","no-banner",""
"46659","2026-03-20","EPISODE 1152 - ACCORDING TO THE ORDER OF GOD","info","no-banner",""
"46678","2026-03-21","EPISODE 1153 - DON’T BE A SLAVE TO THIS WORLD","info","no-banner",""
"46693","2026-03-22","EPISODE 1154 - LOVE AND FAITH","info","no-banner",""
"46711","2026-03-23","EPISODE 1155 - LIVE FROM VICTORY","info","no-banner",""
"46748","2026-03-24","EPISODE 1156 - DON’T DO THE ORDINARY","info","no-banner",""
"46723","2026-03-25","EPISODE 1157 - HE IS ETERNALLY DISARMED AND POWERLESS","info","no-banner",""
"46766","2026-03-26","EPISODE 1158 - GO THE EXTRA MILE","info","no-banner",""
"46777","2026-03-27","EPISODE 1159 - BE ARMED IN THIS CONSCIOUSNESS","info","no-banner",""
"46790","2026-03-31","EPISODE 1163 - …WITH THE PREPARATION OF GOSPEL OF PEACE","info","no-banner",""
"46803","2026-04-01","EPISODE 1164 - IT IS NOT ACCORDING TO YOUR WORKS","info","no-banner",""
"46861","2026-04-02","EPISODE 1165 - YOUR DEFENSE AGAINST GUILT AND CONDEMNATION","info","no-banner",""
"46895","2026-04-08","EPISODE 1171 - DON’T FALL FOR IT","info","no-banner",""
"46895","2026-04-08","EPISODE 1171 - DON’T FALL FOR IT","warn","no-bible-plans",""
"46903","2026-04-09","EPISODE 1172 - DON’T BE IN A HURRY","info","no-banner",""
"46921","2026-04-10","EPISODE 1173 - LEARN TO SAY “NO” TO NON-ESSENTIAL COMMITMENTS","info","no-banner",""
"46936","2026-04-13","EPISODE 1176 - THE ADVERSARY TAKES DELIGHT IN THIS…","info","no-banner",""
"46951","2026-04-14","EPISODE 1177 - STAND WITH THE SAINTS","info","no-banner",""
"46990","2026-04-15","EPISODE 1178 - THE SHIELD IS FOR DAILY ENGAGEMENT","info","no-banner",""
"46978","2026-04-16","EPISODE 1179 - SHIELD UP IN FAITH","info","no-banner",""
"47014","2026-04-21","EPISODE 1184 - CULTIVATE HUMILITY","info","no-banner",""
"47026","2026-04-22","EPISODE 1185 - ANYTHING GOD TELLS YOU TO DO IS GREAT","info","no-banner",""
"47005","2026-04-24","EPISODE 1187 - FIGHT THE GOOD FIGHT","info","no-banner",""
"47025","2026-04-28","EPISODE 1191 - IS THE SPIRIT-WORD IN YOUR MOUTH?","info","no-banner",""
"47084","2026-04-29","EPISODE 1192 - BE SETTLED ON THIS","info","no-banner",""
"47096","2026-04-30","EPISODE 1193 - SUBMIT TO THE TRAINING OF THE WORD","info","no-banner",""
"47110","2026-05-01","EPISODE 1194 - WAGE WAR WITH THE WORD OF GOD GIVEN TO YOU","info","no-banner",""
"47130","2026-05-02","EPISODE 1195 - YOUR IDENTITY IS A THREAT TO THE ADVERSARY","info","no-banner",""
"47145","2026-05-04","EPISODE 1197 - BE AN INTERCESSOR","info","no-banner",""
"47145","2026-05-04","EPISODE 1197 - BE AN INTERCESSOR","warn","very-long-paragraph","1516 chars: You are called and chosen by God to lead many into purpose. The first …"
"47163","2026-05-05","EPISODE 1198 - DON’T BE SATISFIED WITH THE SAND BATHING; DELVE DEEPER","info","no-banner",""
"47184","2026-05-06","EPISODE 1199 - BE DEVOTED TO PRAYER","info","no-banner",""
"47206","2026-05-07","EPISODE 1200 - THE FOCAL BENEFIT OF PRAYER","info","no-banner",""
"47233","2026-05-09","EPISODE 1202 - ENJOYING DAILY VICTORIES","info","no-banner",""
"47246","2026-05-11","EPISODE 1204 - THE INFLUX OF DIVINE STRENGTH","info","no-banner",""
"47273","2026-05-12","EPISODE 1205 - BEING ENABLED BY THE LORD","info","no-banner",""
"47284","2026-05-13","EPISODE 1206 - STRENGTH FROM WITHIN","info","no-banner",""
"47295","2026-05-14","EPISODE 1207 - TAKE A STAND TODAY AND LEAD YOUR WORLD","info","no-banner",""
"47313","2026-05-15","EPISODE 1208 - DON’T BE IGNORANT OF HIS SCHEMES","info","no-banner",""
"47313","2026-05-15","EPISODE 1208 - DON’T BE IGNORANT OF HIS SCHEMES","warn","very-long-paragraph","1567 chars: “good” and not the “worst”. Genuine family situations or career choice…"
"47322","2026-05-16","EPISODE 1209 - DON’T WASTE TIME","info","no-banner",""
"47333","2026-05-18","EPISODE 1211 - BUILD YOURSELF UP","info","no-banner",""
"47358","2026-05-19","EPISODE 1212 - CAN YOU SEE THE RESULTS?","info","no-banner",""
"47375","2026-05-20","EPISODE 1213 - PRAYER IS A LABOUR OF PERSISTENCY","info","no-banner",""
"47392","2026-05-21","EPISODE 1214 - THE ATTITUDE THAT WINS","info","no-banner",""
"47397","2026-05-22","EPISODE 1215 - WILL THE GOOD PLAN OF GOD PROSPER IN YOUR HANDS?","info","no-banner",""
"47410","2026-05-25","EPISODE 1218 - GIVE YOURSELF TO PRAYER","info","no-banner",""
"47425","2026-06-02","EPISODE 1226- PRAY FOR OTHERS","info","no-banner",""
"47425","2026-06-02","EPISODE 1226- PRAY FOR OTHERS","warn","no-bible-plans",""
"47433","2026-06-03","EPISODE 1227 - ARE YOU RUNNING IN THIS COMMAND?","info","no-banner",""
"47453","2026-06-04","EPISODE 1228 - BE DILIGENT WITH THE WORK COMMITTED TO YOU","info","no-banner",""
"47453","2026-06-04","EPISODE 1228 - BE DILIGENT WITH THE WORK COMMITTED TO YOU","error","href-has-space","the act of the poor.</p><p><a href=""https://withapostlebennie.org/ commonwealthlive/episode-179-dealing-with-laziness/"" "
"47461","2026-06-09","EPISODE 1233 - DON’T FALL FOR THE TRAP","info","no-banner",""
"47480","2026-06-10","EPISODE 1234 - SOMETHING MORE THAN RELIGION","info","no-banner",""
"47474","2026-06-11","EPISODE 1235 - HOW TO ENFORCE GREAT VICTORY IN ALL SITUATIONS","info","no-banner",""
"47502","2026-06-15","EPISODE 1239 - ESTEEM THIS GOSPEL","info","no-banner",""
"47491","2026-06-16","EPISODE 1240 - REMAIN IN THE SIMPLICITY OF THE GOSPEL","info","no-banner",""
"47521","2026-06-17","EPISODE 1241 - DEMONSTRATE GENEROSITY IN EVERY WAY","info","no-banner",""
"47529","2026-06-18","EPISODE 1242 - TAKE ADVANTAGE OF THE GIVING-GRACE","info","no-banner",""
"47544","2026-06-19","EPISODE 1243 - EXERCISE GENEROSITY TOWARDS THE LORD’S KINGDOM","info","no-banner",""
"47566","2026-06-30","EPISODE 1254 - TRUE FAITH TOWARDS GOD IS HUMBLE","info","no-banner",""
"47555","2026-07-01","EPISODE 1255 - THE BLOOD OF THE PASSOVER LAMB","info","no-banner",""
"47555","2026-07-01","EPISODE 1255 - THE BLOOD OF THE PASSOVER LAMB","warn","no-title-extracted",""
"47555","2026-07-01","EPISODE 1255 - THE BLOOD OF THE PASSOVER LAMB","info","no-memory-verse",""
"47577","2026-07-14","EPISODE 1268 - THE CARE AND COMFORT OF THE GOOD SHEPHERD","info","no-banner",""
"47591","2026-07-15","EPISODE 1269 - BE ANXIOUS FOR NOTHING","info","no-banner",""
"47603","2026-07-16","EPISODE 1270 - GOD'S UNLIMITED AND IMMEASURABLE LAVISHNESS OF GRACE","info","no-banner",""
"47603","2026-07-16","EPISODE 1270 - GOD'S UNLIMITED AND IMMEASURABLE LAVISHNESS OF GRACE","warn","tiny-paragraph","The"
"47603","2026-07-16","EPISODE 1270 - GOD'S UNLIMITED AND IMMEASURABLE LAVISHNESS OF GRACE","warn","very-long-paragraph","1756 chars: “Everything we could ever need for life and complete devotion to God h…"
"47618","2026-07-17","EPISODE 1271 - GOD IS ABLE","info","no-banner",""
"47643","2026-07-18","EPISODE 1272 - DO KINGDOM BUSINESS WITH GOD’S RESOURCES","info","no-banner",""
"47665","2026-07-19","EPISODE 1273 - BE CONSCIOUS OF WHAT INFLUENCES YOU","info","no-banner",""
"47676","2026-07-20","EPISODE 1274 - GO AFTER GOD-SIZE DREAMS","info","no-banner",""
"47715","2026-07-21","EPISODE 1275 - WHAT IS YOUR REPUTATION?","info","no-banner",""
"47868","2026-07-23","EPISODE 1277 - “I HAVE A GREATER ASSIGNMENT FOR YOU” SAITH THE LORD","info","no-banner",""
"47857","2026-07-24","EPISODE 1278 - INCREASE IN THIS GRACE ALSO","info","no-banner",""
"48841","2026-09-28","EPISODE 1345 - A LAVISH DEVOTION","info","no-memory-verse",""